questionId;driversLicenseCategoryId
1;4
2;4
3;4
4;4
5;10
6;10
7;4
8;4
9;4
10;4
11;4
12;4
13;4
14;4
15;4
16;4
17;4
18;4
19;4
20;4
21;4
22;4
23;4
24;4
25;4
26;4
27;4
28;4
29;4
30;4
31;4
32;4
33;4
34;4
35;4
36;4
37;4
38;4
39;4
40;4
41;4
42;4
43;4
44;4
45;14
46;4
47;4
48;4
49;4
50;4
51;4
52;4
53;6
54;4
55;6
56;4
57;4
58;4
59;4
60;4
61;4
62;4
63;4
64;4
65;4
66;4
67;4
68;4
69;4
70;4
71;4
72;4
73;4
74;4
75;4
76;4
77;4
78;4
79;4
80;4
81;4
82;4
83;4
84;4
85;4
86;4
87;4
88;4
89;4
90;4
91;6
92;4
93;4
94;4
95;4
96;4
97;4
98;4
99;4
100;4
101;4
102;4
103;4
104;14
105;14
106;4
107;4
108;4
109;4
110;4
111;4
112;4
113;4
114;4
115;4
116;4
117;4
118;4
119;4
120;4
121;4
122;4
123;4
124;4
125;4
126;4
127;4
128;4
129;4
130;16
131;4
132;6
133;6
134;4
135;4
136;4
137;6
138;6
139;4
140;4
141;4
142;4
143;4
144;4
145;4
146;4
147;4
148;6
149;4
150;4
151;4
152;4
153;4
154;4
155;4
156;4
157;4
158;4
159;4
160;4
161;4
162;4
163;4
164;4
165;4
166;4
167;4
168;4
169;4
170;4
171;4
172;4
173;4
174;4
175;10
176;4
177;4
178;4
179;4
180;4
181;4
182;4
183;4
184;4
185;4
186;4
187;4
188;4
189;4
190;4
191;4
192;4
193;4
194;4
195;10
196;6
197;14
198;4
199;4
200;4
201;4
202;4
203;4
204;4
205;6
206;4
207;4
208;4
209;4
210;4
211;4
212;4
213;4
214;4
215;4
216;4
217;4
218;4
219;4
220;4
221;4
222;4
223;4
224;6
225;4
226;4
227;4
228;4
229;4
230;4
231;4
232;4
233;4
234;4
235;4
236;4
237;4
238;4
239;4
240;4
241;6
242;4
243;4
244;4
245;4
246;4
247;4
248;4
249;4
250;4
251;4
252;4
253;6
254;10
255;4
256;10
257;10
258;10
259;10
260;6
261;6
262;6
263;6
264;6
265;6
266;6
267;6
268;6
269;6
270;6
271;4
272;4
273;6
274;6
275;6
276;4
277;4
278;4
279;17
280;17
281;6
282;17
283;6
284;6
285;17
286;17
287;6
288;17
289;17
290;17
291;4
292;4
293;4
294;4
295;4
296;4
297;4
298;4
299;6
300;4
301;4
302;4
303;4
304;6
305;4
306;4
307;4
308;4
309;4
310;6
311;4
312;4
313;4
314;4
315;4
316;4
317;4
318;4
319;4
320;4
321;4
322;4
323;4
324;4
325;4
326;4
327;4
328;4
329;4
330;4
331;4
332;4
333;4
334;4
335;4
336;4
337;6
338;6
339;6
340;6
341;4
342;4
343;4
344;4
345;4
346;4
347;4
348;4
349;4
350;4
351;4
352;4
353;4
354;4
355;4
356;4
357;4
358;4
359;4
360;4
361;4
362;6
363;4
364;6
365;4
366;4
367;4
368;4
369;4
370;4
371;4
372;4
373;6
374;4
375;4
376;17
377;17
378;17
379;17
380;17
381;17
382;17
383;6
384;6
385;6
386;17
387;17
388;17
389;17
390;17
391;17
392;17
393;17
394;17
395;17
396;17
397;17
398;17
399;17
400;17
401;17
402;17
403;17
404;17
405;17
406;17
407;17
408;17
409;17
410;17
411;17
412;17
413;17
414;17
415;17
416;17
417;17
418;17
419;17
420;17
421;17
422;17
423;17
424;17
425;17
426;17
427;17
428;17
429;17
430;17
431;17
432;17
433;17
434;17
435;17
436;17
437;17
438;17
439;17
440;6
441;4
442;10
443;10
444;16
445;10
446;10
447;6
448;10
449;4
450;4
451;6
452;4
453;4
454;10
455;4
456;4
457;4
458;10
459;4
460;4
461;4
462;4
463;6
464;4
465;4
466;4
467;4
468;4
469;4
470;4
471;4
472;4
473;4
474;4
475;4
476;4
477;4
478;4
479;14
480;4
481;4
482;4
483;4
484;4
485;4
486;4
487;4
488;4
489;4
490;4
491;4
492;4
493;4
494;4
495;4
496;4
497;4
498;6
499;6
500;6
501;6
502;6
503;4
504;4
505;4
506;4
507;4
508;4
509;4
510;4
511;4
512;4
513;4
514;4
515;4
516;4
517;4
518;4
519;4
520;4
521;4
522;4
523;4
524;4
525;4
526;4
527;4
528;4
529;17
530;4
531;17
532;17
533;4
534;4
535;4
536;4
537;4
538;4
539;4
540;4
541;4
542;4
543;4
544;4
545;4
546;4
547;4
548;4
549;4
550;4
551;4
552;4
553;4
554;4
555;4
556;4
557;4
558;4
559;4
560;4
561;4
562;17
563;17
564;17
565;4
566;4
567;4
568;4
569;4
570;4
571;6
572;4
573;6
574;4
575;4
576;4
577;4
578;4
579;4
580;4
581;4
582;4
583;4
584;4
585;4
586;4
587;4
588;4
589;4
590;4
591;4
592;4
593;4
594;4
595;4
596;4
597;6
598;4
599;4
600;4
601;4
602;4
603;4
604;4
605;4
606;4
607;4
608;4
609;4
610;17
611;4
612;4
613;4
614;4
615;4
616;17
617;17
618;17
619;17
620;17
621;17
622;17
623;17
624;17
625;17
626;17
627;17
628;4
629;6
630;6
631;4
632;4
633;4
634;4
635;4
636;4
637;6
638;4
639;4
640;4
641;4
642;4
643;4
644;4
645;4
646;4
647;4
648;4
649;4
650;4
651;4
652;4
653;4
654;4
655;4
656;4
657;4
658;4
659;4
660;4
661;4
662;6
663;4
664;4
665;6
666;6
667;6
668;6
669;6
670;6
671;6
672;6
673;6
674;6
675;6
676;6
677;4
678;4
679;4
680;4
681;4
682;6
683;6
684;6
685;4
686;6
687;4
688;4
689;4
690;4
691;4
692;4
693;4
694;4
695;4
696;4
697;4
698;4
699;4
700;4
701;4
702;4
703;4
704;4
705;4
706;16
707;4
708;6
709;6
710;6
711;4
712;14
713;6
714;10
715;14
716;16
717;4
718;4
721;4
722;4
723;4
724;6
725;6
726;6
727;6
728;6
729;4
730;4
731;4
732;4
733;4
734;4
735;6
736;6
737;6
738;6
739;6
740;6
741;4
742;6
743;6
744;6
745;6
746;6
747;4
748;4
749;4
750;4
751;4
752;4
753;17
754;17
755;17
756;17
757;17
758;17
759;4
760;17
761;17
762;17
763;17
764;17
765;17
766;17
767;17
768;17
769;17
770;4
771;4
772;4
773;4
774;17
775;17
776;17
777;17
778;17
779;17
780;17
781;17
782;17
783;17
784;17
785;17
786;17
787;17
788;17
789;17
790;17
791;17
792;17
793;17
794;17
795;17
796;17
797;17
798;17
799;17
800;17
801;17
802;17
803;17
804;17
805;17
806;17
807;17
808;17
809;17
810;17
811;17
812;17
813;17
814;17
815;17
816;17
817;17
818;17
819;17
820;17
821;17
822;17
823;17
824;17
825;17
826;17
827;17
828;17
829;17
830;17
831;17
832;17
833;17
834;17
835;17
836;17
837;17
838;17
839;17
840;17
841;17
842;17
843;17
844;17
845;17
846;17
847;17
848;17
849;17
850;17
851;17
852;17
853;17
854;17
855;17
856;17
857;17
858;17
859;17
860;17
861;17
862;17
863;17
864;17
865;17
866;17
867;17
868;17
869;17
870;17
871;17
872;17
873;17
874;17
875;17
876;17
877;17
878;17
879;17
880;17
881;17
882;17
883;17
884;17
885;17
886;17
887;17
888;17
889;17
890;17
891;17
892;17
893;17
894;17
895;17
896;17
897;17
898;17
899;4
900;4
901;4
902;4
903;6
904;17
905;17
906;17
907;17
908;17
909;4
910;4
911;4
912;4
913;4
914;4
915;4
916;4
917;17
918;4
919;4
920;4
921;4
922;4
923;4
924;4
925;4
926;4
927;4
928;6
929;4
930;4
931;4
932;4
933;4
934;4
935;4
936;4
937;4
938;4
939;6
940;6
941;6
942;6
943;6
944;6
945;6
946;6
947;6
948;6
949;6
950;6
951;4
952;4
953;4
954;4
955;4
956;4
957;4
958;4
959;4
960;4
961;4
962;6
963;4
964;14
965;14
966;4
967;4
968;14
969;10
970;16
971;16
972;16
973;4
974;4
975;14
976;10
977;10
978;14
979;6
980;4
981;6
982;4
983;4
984;6
985;6
986;6
987;6
988;6
989;6
990;4
991;6
992;6
993;17
994;17
995;17
996;17
997;17
998;17
999;17
1000;17
1001;17
1002;17
1003;17
1004;17
1005;6
1006;6
1007;17
1008;17
1009;6
1010;6
1011;6
1012;6
1013;4
1014;6
1015;4
1017;17
1019;4
1020;6
1021;1
1022;4
1023;4
1024;4
1025;4
1026;4
1027;4
1028;4
1029;4
1030;6
1031;4
1032;4
1033;4
1034;4
1035;4
1036;4
1037;4
1038;4
1039;6
1040;6
1041;4
1042;4
1043;4
1044;4
1045;4
1046;4
1047;4
1048;4
1049;4
1050;4
1051;4
1052;1
1053;1
1054;1
1055;1
1056;1
1057;4
1058;4
1059;4
1060;4
1061;4
1062;6
1063;4
1064;4
1065;4
1066;4
1067;1
1068;4
1069;4
1070;4
1071;4
1072;4
1073;4
1074;4
1075;4
1076;4
1077;4
1078;4
1079;4
1080;4
1081;4
1082;4
1083;4
1084;4
1085;4
1086;4
1087;4
1088;4
1089;4
1090;4
1091;4
1092;4
1093;4
1094;4
1095;4
1096;4
1097;4
1098;4
1099;4
1100;4
1101;4
1102;4
1103;4
1104;4
1105;4
1106;4
1107;4
1108;4
1109;4
1110;4
1111;4
1112;4
1113;4
1114;4
1115;4
1116;4
1117;4
1118;4
1119;4
1120;4
1121;4
1122;4
1123;4
1124;4
1125;4
1126;4
1127;4
1128;4
1129;4
1130;4
1131;4
1132;4
1133;4
1134;4
1135;4
1136;4
1137;4
1138;4
1139;4
1140;4
1141;4
1142;4
1143;4
1144;4
1145;4
1146;4
1147;4
1148;4
1149;4
1150;4
1151;4
1152;4
1153;4
1154;4
1155;4
1156;4
1157;4
1158;4
1159;4
1160;4
1161;4
1162;4
1163;4
1164;4
1165;4
1166;6
1167;6
1168;6
1169;6
1170;6
1171;6
1172;4
1173;6
1174;6
1175;6
1176;4
1177;4
1178;6
1179;4
1180;4
1181;6
1182;4
1183;6
1184;4
1185;4
1186;4
1187;6
1188;4
1189;4
1190;4
1191;4
1192;4
1193;4
1194;4
1195;4
1196;4
1197;4
1198;4
1199;4
1200;4
1201;4
1202;4
1203;4
1204;4
1205;4
1206;4
1207;4
1208;4
1209;4
1210;4
1211;4
1212;4
1213;4
1214;4
1215;4
1216;4
1217;4
1218;4
1219;4
1220;4
1221;4
1222;4
1223;4
1224;4
1225;4
1226;4
1227;4
1228;4
1229;4
1230;4
1231;4
1232;4
1233;4
1234;4
1235;4
1236;4
1237;4
1238;4
1239;4
1240;4
1241;4
1242;4
1243;4
1244;4
1245;4
1246;4
1247;6
1248;6
1249;6
1250;6
1251;6
1252;4
1253;4
1254;4
1255;4
1256;4
1257;4
1258;6
1259;6
1260;6
1261;4
1262;4
1263;4
1264;4
1265;4
1266;4
1267;4
1268;6
1269;6
1270;6
1271;6
1272;6
1273;6
1274;6
1275;6
1276;6
1277;6
1278;6
1279;6
1280;6
1281;6
1282;6
1283;6
1284;6
1285;6
1286;6
1287;6
1288;6
1289;6
1290;6
1291;6
1292;6
1293;6
1294;6
1295;6
1296;6
1297;6
1298;6
1299;6
1300;6
1301;6
1302;6
1303;6
1304;6
1305;6
1306;6
1307;5
1308;5
1309;5
1310;5
1311;5
1312;6
1313;6
1314;6
1315;6
1316;6
1317;6
1318;6
1319;6
1320;6
1321;6
1322;5
1323;6
1324;6
1325;6
1326;6
1327;6
1328;6
1329;6
1330;6
1331;6
1332;6
1333;6
1334;6
1335;6
1336;6
1337;6
1338;6
1339;6
1340;5
1341;5
1342;5
1343;5
1344;5
1345;5
1346;6
1347;6
1348;6
1349;6
1350;6
1351;6
1352;6
1353;6
1354;6
1355;6
1356;6
1357;6
1358;6
1359;6
1360;6
1361;6
1362;6
1363;6
1364;6
1365;6
1366;6
1367;6
1368;6
1369;5
1370;5
1371;6
1372;6
1373;6
1374;6
1375;6
1376;6
1377;6
1378;6
1379;6
1380;6
1381;4
1382;4
1383;4
1384;4
1385;4
1386;4
1387;4
1388;4
1389;4
1390;4
1391;4
1392;4
1393;4
1394;1
1395;1
1396;1
1397;1
1398;1
1399;1
1400;1
1401;1
1402;4
1403;4
1404;4
1405;4
1406;4
1407;4
1408;4
1409;4
1410;4
1411;1
1412;1
1413;1
1414;1
1415;1
1416;1
1417;4
1418;4
1419;4
1420;4
1421;4
1422;4
1423;4
1424;4
1425;4
1426;1
1427;1
1428;1
1429;1
1430;1
1431;1
1432;1
1433;1
1434;1
1435;1
1436;4
1437;4
1438;4
1439;4
1440;1
1441;1
1442;1
1443;1
1444;1
1445;4
1446;4
1447;4
1448;4
1449;4
1450;1
1451;1
1452;1
1453;1
1454;1
1455;4
1456;4
1457;4
1458;4
1459;4
1460;4
1461;4
1462;1
1463;1
1464;4
1465;4
1466;4
1467;4
1468;4
1469;1
1470;1
1471;1
1472;1
1473;4
1474;4
1475;4
1476;4
1477;4
1478;4
1479;4
1480;1
1481;1
1482;1
1483;1
1484;1
1485;4
1486;4
1487;4
1488;4
1489;2
1490;2
1491;2
1492;3
1493;3
1494;3
1495;1
1496;1
1497;1
1498;1
1499;1
1500;4
1501;4
1502;4
1503;4
1504;4
1505;4
1506;4
1507;4
1508;4
1509;1
1510;1
1511;1
1512;1
1513;1
1514;4
1515;4
1516;4
1517;4
1518;4
1519;4
1520;4
1521;4
1522;4
1523;4
1524;4
1525;16
1526;16
1527;16
1528;16
1529;16
1530;16
1531;16
1532;16
1533;16
1534;16
1535;16
1536;16
1537;16
1538;16
1539;16
1540;16
1541;16
1542;16
1543;16
1544;16
1545;16
1546;16
1547;16
1548;16
1549;16
1550;16
1551;16
1552;16
1553;16
1554;16
1555;16
1556;16
1557;16
1558;16
1559;16
1560;16
1561;16
1562;16
1563;16
1564;16
1565;16
1566;16
1567;16
1568;16
1569;16
1570;16
1571;16
1572;16
1573;16
1574;16
1575;16
1576;16
1577;16
1578;16
1579;16
1580;16
1581;16
1582;16
1583;16
1584;16
1585;16
1586;16
1587;16
1588;16
1589;16
1590;16
1591;16
1592;16
1593;16
1594;16
1595;16
1596;16
1597;16
1598;16
1599;16
1600;16
1601;16
1602;16
1603;16
1604;10
1605;10
1606;10
1607;10
1608;10
1609;10
1610;10
1611;10
1612;10
1613;10
1614;10
1615;10
1616;10
1617;10
1618;10
1619;10
1620;10
1621;10
1622;10
1623;10
1624;10
1625;10
1626;10
1627;10
1628;10
1629;10
1630;10
1631;10
1632;10
1633;10
1634;10
1635;10
1636;10
1637;10
1638;10
1639;10
1640;10
1641;10
1642;10
1643;10
1644;10
1645;10
1646;10
1647;10
1648;10
1649;10
1650;10
1651;10
1652;10
1653;10
1654;10
1655;10
1656;10
1657;10
1658;10
1659;10
1660;10
1661;10
1662;10
1663;10
1664;10
1665;10
1666;14
1667;14
1668;14
1669;14
1670;14
1671;14
1672;14
1673;14
1674;14
1675;14
1676;14
1677;14
1678;14
1679;14
1680;14
1681;14
1682;14
1683;14
1684;14
1685;14
1686;14
1687;14
1688;14
1689;14
1690;14
1691;14
1692;14
1693;14
1694;14
1695;14
1696;14
1697;14
1698;14
1699;14
1700;14
1701;14
1702;14
1703;14
1704;14
1705;14
1706;14
1707;14
1708;14
1709;14
1710;14
1711;14
1712;14
1713;14
1714;14
1715;14
1716;14
1717;14
1718;14
1719;14
1720;14
1721;14
1722;14
1723;14
1724;14
1725;14
1726;14
1727;14
1728;14
1729;14
1730;14
1731;14
1732;14
1733;14
1734;14
1735;14
1736;14
1737;14
1738;14
1739;14
1740;14
1741;14
1742;14
1743;14
1744;14
1745;14
1746;14
1747;14
1748;14
1749;14
1750;14
1751;14
1752;14
1753;17
1754;17
1755;17
1756;17
1757;17
1758;17
1759;17
1760;17
1761;17
1762;17
1763;17
1764;17
1765;17
1766;17
1767;17
1768;17
1769;17
1770;17
1771;17
1772;17
1773;17
1774;17
1775;17
1776;17
1777;17
1778;17
1779;17
1780;17
1781;17
1782;17
1783;17
1784;17
1785;17
1786;17
1787;17
1788;17
1789;17
1790;17
1791;17
1792;17
1793;17
1794;17
1795;17
1796;17
1797;17
1798;17
1799;17
1800;17
1801;17
1802;17
1803;17
1804;17
1805;17
1806;17
1807;17
1808;17
1809;17
1810;17
1811;17
1812;17
1813;17
1814;17
1815;17
1816;17
1817;17
1818;17
1819;17
1820;17
1821;17
1822;17
1823;17
1824;17
1825;17
1826;17
1827;17
1828;17
1829;17
1830;17
1831;17
1832;17
1833;17
1834;17
1835;17
1836;17
1837;17
1838;17
1839;17
1840;17
1841;17
1842;17
1843;17
1844;17
1845;17
1846;17
1847;17
1848;17
1849;17
1850;17
1851;17
1852;17
1853;17
1854;17
1855;17
1856;17
1857;17
1858;17
1859;17
1860;17
1861;17
1862;17
1863;17
1864;17
1865;17
1866;17
1867;17
1868;17
1869;17
1870;17
1871;17
1872;17
1873;17
1874;17
1875;17
1876;17
1877;17
1878;17
1879;17
1880;17
1881;17
1882;17
1883;17
1884;17
1885;17
1886;17
1887;17
1888;17
1889;17
1890;17
1891;17
1892;17
1893;17
1894;17
1895;17
1896;17
1897;17
1898;17
1899;17
1900;17
1901;17
1902;17
1903;17
1904;17
1905;17
1906;17
1907;17
1908;17
1909;17
1910;17
1911;17
1912;17
1913;17
1914;17
1915;17
1916;17
1917;17
1918;17
1919;4
1920;4
1921;4
1922;4
1923;4
1924;4
1925;4
1926;4
1927;4
1928;6
1929;6
1930;6
1931;4
1932;4
1933;4
1934;6
1935;4
1936;4
1937;4
1938;4
1939;4
1940;4
1941;4
1942;4
1943;4
1944;4
1945;4
1946;4
1947;6
1948;6
1949;6
1950;6
1951;4
1952;5
1953;4
1954;4
1955;4
1956;4
1957;4
1958;16
1959;16
1960;16
1961;16
1962;16
1963;16
1964;16
1965;16
1966;16
1967;16
1968;16
1969;16
1970;16
1971;16
1972;16
1973;10
1974;10
1975;10
1976;10
1977;10
1978;14
1979;14
1980;14
1981;14
1982;14
1983;14
1984;14
1985;14
1986;1
1987;4
1988;4
1989;4
1990;4
1991;16
1992;14
1993;4
1994;6
1995;4
1996;6
1997;4
1998;6
1999;4
2000;4
2001;6
2002;4
2003;6
2004;6
2005;4
2006;4
2007;4
2008;4
2009;4
2010;4
2011;4
2012;4
2013;4
2014;4
2015;4
2016;4
2017;4
2018;4
2019;4
2020;4
2021;4
2022;4
2023;4
2024;4
2025;4
2026;4
2027;4
2028;4
2029;4
2030;4
2031;4
2032;4
2033;4
2034;4
2035;4
2036;4
2037;4
2038;4
2039;4
2040;4
2041;4
2042;4
2043;4
2044;4
2045;4
2046;4
2047;4
2048;4
2049;4
2050;4
2051;4
2052;4
2053;4
2054;4
2055;4
2056;4
2057;4
2058;4
2059;4
2060;4
2061;4
2062;4
2063;4
2064;4
2065;4
2066;4
2067;4
2068;4
2069;4
2070;4
2071;4
2072;4
2073;4
2074;4
2075;4
2076;4
2077;4
2078;4
2079;4
2080;4
2081;4
2082;4
2083;4
2084;4
2085;4
2086;4
2087;4
2088;4
2089;4
2090;4
2091;4
2092;4
2093;4
2094;4
2095;4
2096;4
2097;4
2098;4
2099;4
2100;4
2101;4
2102;4
2103;4
2104;4
2105;4
2106;4
2107;4
2108;4
2109;4
2110;4
2111;4
2112;4
2113;4
2114;4
2115;4
2116;4
2117;4
2118;4
2119;4
2120;4
2121;4
2122;4
2123;4
2124;4
2125;4
2126;4
2127;4
2128;4
2129;4
2130;4
2131;4
2132;4
2133;4
2134;4
2135;4
2136;4
2137;4
2138;4
2139;4
2140;4
2141;4
2142;4
2143;4
2144;4
2145;4
2146;4
2147;4
2148;4
2149;4
2150;4
2151;4
2152;4
2153;4
2154;4
2155;4
2156;6
2157;4
2158;4
2159;6
2160;6
2161;6
2162;4
2163;4
2164;4
2165;6
2166;6
2167;4
2168;6
2169;6
2170;6
2171;6
2172;6
2173;6
2175;6
2176;6
2177;4
2178;6
2179;4
2180;4
2181;4
2182;4
2183;4
2184;4
2185;4
2186;4
2187;6
2188;6
2189;6
2190;6
2191;6
2192;6
2193;6
2194;10
2195;10
2196;10
2197;10
2198;10
2199;10
2200;10
2201;10
2202;14
2203;14
2204;14
2205;14
2206;14
2207;14
2208;16
2209;16
2210;4
2211;14
2212;4
2213;4
2214;4
2215;4
2216;4
2217;4
2218;4
2219;4
2220;4
2221;4
2222;4
2223;4
2224;4
2225;1
2226;4
2227;4
2228;4
2229;4
2230;4
2231;4
2232;4
2233;1
2234;1
2235;1
2236;4
2237;4
2238;4
2239;4
2240;4
2241;1
2242;4
2243;4
2244;4
2245;1
2246;4
2247;1
2248;1
2249;4
2250;4
2251;4
2252;4
2253;4
2254;1
2255;1
2256;4
2257;16
2258;16
2259;16
2260;16
2261;16
2262;16
2263;16
2264;16
2265;16
2266;16
2267;16
2268;16
2269;16
2270;16
2271;16
2272;16
2273;16
2274;16
2275;16
2276;16
2277;16
2278;16
2279;16
2280;16
2281;16
2282;16
2283;16
2284;16
2285;16
2286;4
2287;6
2288;6
2289;4
2290;4
2291;4
2292;4
2293;4
2294;4
2295;1
2296;14
2297;14
2298;14
2299;14
2300;14
2301;14
2302;14
2303;14
2304;14
2305;14
2306;14
2307;14
2308;14
2309;14
2310;14
2311;14
2312;14
2313;14
2314;14
2315;14
2316;14
2317;14
2318;14
2319;14
2320;14
2321;16
2322;16
2323;16
2324;16
2325;16
2326;16
2327;16
2328;16
2329;16
2330;16
2331;16
2332;16
2333;16
2334;16
2335;6
2336;6
2337;6
2338;6
2339;4
2340;16
2341;16
2342;16
2343;16
2344;4
2345;4
2346;10
2347;10
2348;10
2349;10
2350;10
2351;10
2352;10
2353;10
2354;14
2355;14
2356;14
2357;14
2358;14
2359;14
2360;14
2361;14
2362;14
2363;14
2364;14
2365;4
2366;14
2367;4
2368;6
2369;4
2370;4
2371;6
2372;4
2373;4
2374;4
2375;14
2376;14
2377;14
2378;14
2379;14
2380;14
2381;4
2382;4
2383;6
2384;6
2385;6
2386;6
2387;6
2388;6
2389;6
2390;6
2391;6
2392;6
2393;6
2394;6
2395;6
2396;6
2397;6
2398;6
2399;6
2400;6
2401;6
2402;6
2403;6
2404;6
2405;6
2406;6
2407;6
2408;6
2409;6
2410;6
2411;6
2412;6
2413;6
2414;6
2415;6
2416;6
2417;6
2418;6
2419;6
2420;6
2421;6
2422;6
2423;6
2424;6
2425;6
2426;6
2427;6
2428;6
2429;6
2430;6
2431;6
2432;6
2433;6
2434;6
2435;6
2436;6
2437;6
2438;6
2439;6
2440;6
2441;6
2442;6
2443;6
2444;6
2445;6
2446;6
2447;6
2448;6
2449;6
2450;6
2451;6
2452;6
2453;6
2454;6
2455;6
2456;6
2457;6
2458;6
2459;6
2460;6
2461;6
2462;6
2463;6
2464;6
2465;6
2466;6
2467;6
2468;6
2469;6
2470;6
2471;6
2472;6
2473;6
2474;6
2475;6
2476;6
2477;6
2478;6
2479;6
2480;6
2481;6
2482;6
2483;6
2484;6
2485;6
2486;6
2487;6
2488;6
2489;6
2490;6
2491;6
2492;6
2493;6
2494;6
2495;6
2496;6
2497;6
2498;6
2499;6
2500;6
2501;6
2502;6
2503;6
2504;6
2505;6
2506;6
2507;6
2508;6
2509;6
2510;6
2511;6
2512;6
2513;6
2514;6
2515;6
2516;6
2517;6
2518;6
2519;6
2520;6
2521;6
2522;6
2523;6
2524;6
2525;6
2526;6
2527;6
2528;6
2529;6
2530;6
2531;6
2532;6
2533;6
2534;6
2535;6
2536;6
2537;6
2538;6
2539;6
2540;6
2541;6
2542;6
2543;6
2544;6
2545;6
2546;6
2547;6
2548;6
2549;6
2550;6
2551;6
2552;6
2553;6
2554;6
2555;6
2556;6
2557;6
2558;6
2559;6
2560;6
2561;6
2562;6
2563;6
2564;6
2565;6
2566;6
2567;6
2568;6
2569;6
2570;6
2571;6
2572;6
2573;6
2574;6
2575;4
2576;4
2577;4
2578;4
2579;10
2580;10
2581;10
2582;10
2583;14
2584;14
2585;14
2586;14
2587;14
2588;14
2589;14
2590;14
2591;6
2592;6
2593;6
2594;6
2595;6
2596;6
2597;6
2598;6
2599;6
2600;6
2601;6
2602;6
2603;6
2604;6
2605;6
2606;6
2607;6
2608;6
2609;6
2610;6
2611;6
2612;6
2613;6
2614;6
2615;6
2616;6
2617;6
2618;6
2619;6
2620;6
2621;6
2622;6
2623;6
2624;6
2625;6
2626;6
2627;6
2628;6
2629;6
2630;6
2631;6
2632;6
2633;6
2634;6
2635;6
2636;6
2637;6
2638;6
2639;6
2640;6
2641;6
2642;6
2643;6
2644;6
2645;6
2646;6
2647;6
2648;6
2649;6
2650;6
2651;6
2652;6
2653;6
2654;6
2655;6
2656;6
2657;6
2658;6
2659;6
2660;6
2661;6
2662;6
2663;6
2664;6
2665;6
2666;6
2667;6
2668;6
2669;6
2670;6
2671;6
2672;6
2673;6
2674;6
2675;6
2676;6
2677;6
2678;6
2679;6
2680;6
2681;6
2682;6
2683;6
2684;4
2685;6
2686;4
2687;6
2688;6
2689;6
2690;4
2691;4
2692;4
2693;4
2694;4
2695;4
2696;4
2697;6
2698;4
2699;4
2700;4
2701;4
2702;4
2703;4
2704;4
2705;6
2706;4
2707;4
2708;4
2709;4
2710;4
2711;4
2712;4
2713;4
2714;6
2715;6
2716;6
2717;6
2718;6
2719;6
2720;6
2721;6
2722;6
2723;6
2724;6
2725;6
2726;6
2727;6
2728;6
2729;6
2730;6
2731;6
2732;6
2733;6
2734;6
2735;6
2736;6
2737;6
2738;6
2739;6
2740;6
2741;6
2742;6
2743;6
2744;6
2745;6
2746;6
2747;6
2748;6
2749;6
2750;6
2751;6
2752;6
2753;6
2754;6
2755;6
2756;6
2757;6
2758;6
2759;6
2760;6
2761;6
2762;6
2763;6
2764;6
2765;6
2766;6
2767;6
2768;6
2769;6
2770;6
2771;6
2772;6
2773;6
2774;6
2775;6
2776;6
2777;6
2778;6
2779;6
2780;6
2781;6
2782;6
2783;6
2784;6
2785;6
2786;6
2787;6
2788;6
2789;6
2790;6
2791;6
2792;6
2793;6
2794;6
2795;6
2796;6
2797;6
2798;6
2799;6
2800;6
2801;6
2802;6
2803;6
2804;6
2805;6
2806;6
2807;6
2808;6
2809;6
2810;6
2811;6
2812;6
2813;6
2814;6
2815;6
2816;6
2817;6
2818;6
2819;6
2820;6
2821;6
2822;6
2823;6
2824;6
2825;6
2826;6
2827;6
2828;6
2829;6
2830;6
2831;6
2832;6
2833;6
2834;6
2835;6
2836;6
2837;6
2838;6
2839;6
2840;6
2841;6
2842;6
2843;6
2844;6
2845;6
2846;6
2847;6
2848;6
2849;6
2850;6
2851;6
2852;6
2853;6
2854;6
2855;6
2856;6
2857;6
2858;6
2859;6
2860;6
2861;6
2862;6
2863;6
2864;6
2865;6
2866;6
2867;6
2868;6
2869;6
2870;6
2871;6
2872;6
2873;6
2874;6
2875;6
2876;6
2877;6
2878;6
2879;6
2880;6
2881;6
2882;6
2883;6
2884;6
2885;6
2886;6
2887;6
2888;6
2889;6
2890;6
2891;6
2892;6
2893;6
2894;6
2895;6
2896;6
2897;6
2898;6
2899;6
2900;6
2901;6
2902;6
2903;6
2904;6
2905;6
2906;6
2907;6
2908;6
2909;6
2910;6
2911;6
2912;6
2913;6
2914;6
2915;6
2916;6
2917;6
2918;6
2919;6
2920;6
2921;6
2922;6
2923;6
2924;6
2925;6
2926;6
2927;6
2928;6
2929;6
2930;6
2931;6
2932;6
2933;6
2934;4
2935;4
2936;4
2937;4
2938;4
2939;4
2940;4
2941;4
2942;4
2943;4
2944;4
2945;4
2946;4
2947;4
2948;4
2949;4
2950;4
2951;4
2952;4
2953;4
2954;4
2955;4
2956;4
2957;4
2958;4
2959;4
2960;4
2961;4
2962;4
2963;4
2964;4
2965;4
2966;4
2967;4
2968;4
2969;4
2970;4
2971;6
2972;4
2973;4
2974;6
2975;4
2976;4
2977;4
2978;4
2979;4
2980;4
2981;4
2982;4
2983;4
2984;4
2985;4
2986;10
2987;10
2988;10
2989;10
2990;10
2991;10
2992;10
2993;10
2994;10
2995;10
2996;10
2997;10
2998;4
2999;6
3000;14
3001;14
3002;12
3003;14
3004;14
3005;14
3006;14
3007;14
3008;6
3009;6
3010;14
3011;14
3012;6
3013;14
3014;14
3015;6
3016;14
3017;14
3018;14
3019;14
3020;14
3021;14
3022;6
3023;14
3024;14
3025;14
3026;14
3027;14
3028;14
3029;14
3030;14
3031;14
3032;6
3033;14
3034;14
3035;14
3036;14
3037;1
3038;1
3039;1
3040;1
3041;1
3042;1
3043;1
3044;1
3045;1
3046;1
3047;1
3048;1
3049;1
3050;1
3051;1
3052;1
3053;1
3054;1
3055;1
3056;1
3057;1
3058;1
3059;1
3060;1
3061;6
3062;1
3063;6
3064;6
3065;1
3066;6
3067;1
3068;6
3069;1
3070;6
3071;1
3072;6
3073;1
3074;6
3075;6
3076;6
3077;4
3078;6
3079;4
3080;4
3081;4
3082;4
3083;4
3084;4
3085;6
3086;6
3087;4
3088;6
3089;4
3090;6
3091;6
3092;1
3093;1
3094;1
3095;1
3096;1
3097;1
3098;1
3099;1
3100;1
3101;1
3102;1
3103;1
3104;1
3105;1
3106;1
3107;1
3108;1
3109;1
3110;1
3111;1
3112;1
3113;1
3114;1
3115;1
3116;1
3117;1
3118;1
3119;1
3120;1
3121;1
3122;4
3123;6
3124;4
3125;1
3126;1
3127;1
3128;1
3129;1
3130;6
3131;4
3132;6
3133;1
3134;1
3135;1
3136;1
3137;1
3138;1
3139;1
3140;1
3141;1
3142;1
3143;4
3144;6
3145;6
3146;1
3147;1
3148;1
3149;6
3150;1
3151;1
3152;1
3153;10
3154;1
3155;1
3156;1
3157;1
3158;1
3159;1
3160;1
3161;1
3162;1
3163;1
3164;1
3165;1
3166;1
3167;1
3168;1
3169;1
3170;1
3171;6
3172;6
3173;6
3174;6
3175;6
3176;6
3177;6
3178;6
3179;10
3180;4
3181;10
3182;10
3183;10
3184;6
3185;10
3186;6
3187;4
3188;10
3189;4
3190;4
3191;4
3192;4
3193;4
3194;4
3195;4
3196;4
3197;4
3198;4
3199;6
3200;4
3201;1
3202;1
3203;6
3204;4
3205;4
3206;4
3207;4
3208;4
3209;16
3210;1
3211;16
3212;16
3213;16
3214;16
3215;16
3216;16
3217;1
3218;16
3219;1
3220;1
3221;4
3222;4
3223;4
3224;4
3225;4
3226;1
3227;1
3228;4
3229;1
3230;4
3231;1
3232;4
3233;4
3234;4
3235;1
3236;4
3237;4
3238;1
3239;4
3240;1
3241;4
3242;4
3243;4
3244;4
3245;1
3248;1
3249;1
3250;1
3251;1
3252;1
3253;1
3254;1
3255;1
3256;1
3257;1
3258;1
3259;1
3260;1
3261;1
3262;1
3263;1
3264;1
3265;1
3266;1
3267;1
3268;1
3269;1
3270;1
3271;1
3272;1
3273;1
3274;1
3275;1
3276;1
3277;1
3278;1
3279;1
3280;1
3281;1
3282;1
3283;1
3284;1
3285;1
3286;1
3287;1
3288;1
3289;1
3290;1
3291;1
3292;1
3293;1
3294;1
3295;1
3296;1
3297;1
3298;1
3299;1
3300;1
3301;1
3302;1
3303;1
3304;1
3305;1
3306;1
3307;1
3308;1
3309;1
3310;1
3311;1
3312;1
3313;1
3314;1
3315;1
3316;1
3317;1
3318;1
3319;1
3320;1
3321;1
3322;1
3323;1
3324;1
3325;1
3326;1
3327;1
3328;1
3329;1
3330;1
3331;1
3332;1
3333;1
3334;1
3335;1
3336;1
3337;1
3338;1
3339;1
3340;1
3341;1
3342;1
3343;1
3344;1
3345;1
3346;1
3347;1
3348;1
3349;1
3350;1
3351;1
3352;1
3353;1
3354;1
3355;1
3356;1
3357;1
3358;1
3360;1
3361;1
3362;1
3363;1
3364;1
3365;1
3366;1
3367;1
3368;1
3369;1
3370;1
3371;1
3372;1
3373;1
3374;1
3375;1
3376;1
3377;1
3378;1
3379;1
3380;1
3381;1
3382;1
3383;1
3384;1
3385;1
3386;1
3387;1
3388;1
3389;1
3390;1
3391;1
3392;1
3393;1
3394;4
3395;4
3396;4
3397;4
3398;4
3399;4
3400;4
3401;4
3402;1
3403;1
3404;1
3405;1
3406;1
3407;1
3408;1
3409;1
3410;1
3411;1
3412;1
3413;1
3414;1
3415;10
3416;10
3417;10
3418;10
3419;10
3420;10
3421;10
3422;10
3423;10
3424;10
3425;10
3426;10
3427;10
3428;10
3429;10
3430;10
3431;10
3432;10
3433;10
3434;10
3435;10
3436;10
3437;10
3438;10
3439;10
3440;10
3441;10
3442;10
3443;10
3444;10
3445;10
3446;10
3447;10
3448;10
3449;10
3450;10
3451;10
3452;10
3453;10
3454;10
3455;10
3456;10
3457;10
3458;10
3459;10
3460;10
3461;10
3462;10
3463;10
3464;10
3465;10
3466;10
3467;10
3468;10
3469;10
3470;10
3471;4
3472;4
3473;6
3474;4
3475;4
3476;4
3477;6
3478;10
3479;4
3480;4
3481;4
3482;4
3483;6
3484;6
3485;4
3486;4
3487;10
3488;10
3489;10
3490;10
3491;10
3492;10
3493;10
3494;10
3495;10
3496;10
3497;10
3498;10
3499;10
3500;10
3501;6
3502;4
3503;4
3504;14
3505;6
3506;6
3507;6
3508;6
3509;6
3510;6
3511;6
3512;6
3513;6
3514;6
3515;6
3516;6
3517;6
3518;6
3519;6
3520;6
3521;6
3522;6
3523;6
3524;6
3525;6
3526;6
3527;6
3528;6
3529;6
3530;6
3531;6
3532;6
3533;6
3534;6
3535;4
3536;6
3537;6
3538;14
3539;1
3540;4
3541;6
3542;10
3543;10
3544;10
3545;14
3546;4
3547;1
3548;4
3549;1
3550;6
3551;6
3552;14
3553;6
3554;14
3555;6
3556;4
3557;6
3558;14
3559;6
3560;14
3561;4
3562;6
3563;6
3564;4
3565;4
3566;4
3567;4
3568;4
3569;4
3570;6
3571;4
3572;4
3573;4
3574;4
3575;4
3576;4
3577;4
3578;4
3579;4
3580;6
3581;6
3582;6
3583;6
3584;6
3585;6
3586;6
3587;6
3588;4
3589;4
3590;4
3591;4
3592;4
3593;6
3594;4
3595;6
3596;4
3597;1
3598;17
3599;17
3600;17
3601;17
3602;17
3603;17
3604;17
3605;4
3606;4
3607;4
3608;4
3609;4
3610;4
3611;4
3612;4
3613;17
3614;6
3615;6
3616;17
3617;6
3618;6
3619;4
3620;10
3621;10
3622;6
3623;4
3624;6
3625;6
3626;4
3627;4
3628;1
3629;1
3630;6
3631;4
3632;6
3633;6
3634;1
3635;4
3636;4
3637;4
3638;4
3639;4
3640;4
3641;6
3642;6
3643;6
3644;4
3645;4
3646;4
3647;4
3648;4
3649;4
3650;4
3651;4
3652;4
3653;4
3654;4
3655;4
3656;4
3657;4
3658;4
3659;17
3660;6
3661;6
3662;6
3663;4
3664;4
3665;6
3666;6
3667;6
3668;6
3669;6
3670;6
3671;6
3672;6
3673;6
3674;6
3675;6
3676;6
3677;6
3678;6
3679;6
3680;6
3681;6
3682;6
3683;6
3684;6
3685;6
3686;6
3687;6
3688;6
3689;6
3690;6
3691;6
3692;6
3693;6
3694;6
1;6
2;6
3;6
4;6
7;6
8;6
9;6
10;6
11;6
12;6
13;6
14;6
15;6
16;6
17;6
18;6
19;6
20;6
21;6
22;6
23;6
24;6
25;6
26;6
27;6
28;6
29;6
30;6
31;6
32;6
33;6
34;6
35;6
36;6
37;6
38;6
39;6
40;6
41;6
42;6
43;6
44;6
45;12
46;6
47;6
48;6
49;6
50;6
51;6
52;6
54;6
56;6
57;6
58;6
59;6
60;6
61;6
62;6
63;6
64;6
65;6
66;6
67;6
68;6
69;6
70;6
71;6
72;6
73;6
74;6
75;6
76;6
77;6
78;6
79;6
80;6
81;6
82;6
83;6
84;6
85;6
86;6
87;6
88;6
89;6
90;6
92;6
93;6
94;6
95;6
96;6
97;6
98;6
99;6
100;6
101;6
102;6
103;6
104;12
105;12
106;6
107;6
108;6
109;6
110;6
111;6
112;6
113;6
114;6
115;6
116;6
117;6
118;6
119;6
120;6
121;6
122;6
123;6
124;6
125;2
126;2
127;2
128;2
129;2
131;6
134;6
135;6
136;6
139;6
140;6
141;6
142;6
143;1
144;6
145;6
146;6
147;6
148;10
149;6
150;6
151;6
152;6
153;6
154;6
155;6
156;6
157;6
158;6
159;6
160;6
161;6
162;6
163;6
164;6
165;6
166;6
167;6
168;6
169;6
170;6
171;6
172;6
173;6
174;6
175;14
176;6
177;6
178;6
179;6
180;6
181;6
182;6
183;6
184;6
185;6
186;6
187;6
188;6
189;6
190;6
191;6
192;6
193;6
194;2
197;12
198;6
199;6
200;6
201;6
202;6
203;6
204;6
206;6
207;6
208;6
209;6
210;6
211;6
212;6
213;6
214;6
215;6
216;6
217;6
218;6
219;6
220;6
221;6
222;6
223;6
225;6
226;6
227;6
228;6
229;6
230;6
231;6
232;6
233;6
234;6
235;6
236;6
237;6
238;6
239;6
240;6
242;6
243;6
244;6
245;6
246;6
247;6
248;6
249;6
250;6
251;6
252;6
254;14
255;6
256;14
257;14
258;14
259;14
260;5
271;6
272;6
276;6
277;6
278;6
281;5
283;5
284;5
287;5
291;6
292;6
293;6
294;6
295;6
296;6
297;6
298;6
299;10
300;6
301;6
302;6
303;6
305;6
306;6
307;6
308;6
309;6
311;6
312;6
313;6
314;6
315;6
316;6
317;6
318;6
319;6
320;6
321;6
322;6
323;6
324;6
325;6
326;6
327;6
328;6
329;6
330;6
331;6
332;6
333;6
334;6
335;6
336;6
341;6
342;6
343;6
344;6
345;6
346;6
347;6
348;6
349;6
350;6
351;6
352;6
353;6
354;6
355;6
356;6
357;6
358;6
359;6
360;6
361;6
363;6
365;6
366;6
367;6
368;6
369;6
370;6
371;6
372;6
374;6
375;6
383;5
441;2
442;8
445;16
446;16
447;10
448;14
449;6
450;6
451;10
452;6
453;6
455;6
456;6
457;6
459;6
460;6
461;6
462;6
464;6
465;6
466;6
467;6
468;6
469;6
470;6
471;6
472;6
473;6
474;6
475;6
476;6
477;6
478;6
479;12
480;6
481;6
482;6
483;6
484;6
485;6
486;6
487;6
488;6
489;6
490;6
491;6
492;6
493;6
494;6
495;6
496;6
497;6
503;6
504;6
505;6
506;6
507;6
508;6
509;6
510;6
511;6
512;6
513;6
514;6
515;6
516;6
517;6
518;6
519;6
520;6
521;6
522;6
523;6
524;6
525;6
526;6
527;6
528;6
530;6
533;6
534;6
535;6
536;6
537;6
538;6
539;6
540;6
541;6
542;6
543;6
544;6
545;6
546;6
547;6
548;6
549;6
550;6
551;6
552;6
553;6
554;6
555;6
556;6
557;6
558;6
559;6
560;6
561;6
565;6
566;6
567;6
568;6
569;6
570;6
571;5
572;6
574;6
575;6
576;6
577;6
578;6
579;6
580;6
581;6
582;6
583;6
584;6
585;6
586;6
587;6
588;6
589;6
590;6
591;6
592;6
593;6
594;6
595;6
596;6
598;6
599;6
600;6
601;6
602;6
603;6
604;6
605;6
606;6
607;6
608;6
609;6
611;6
612;6
613;6
614;6
615;6
628;6
631;6
632;6
633;6
634;6
635;6
636;6
637;10
638;6
639;6
640;6
641;6
642;6
643;6
644;6
645;6
646;6
647;6
648;6
649;6
650;6
651;6
652;6
653;6
654;6
655;6
656;6
657;6
658;6
659;6
660;6
661;6
662;5
663;6
664;6
671;5
673;5
674;5
675;5
677;6
678;6
679;6
680;6
681;6
685;6
686;10
687;6
688;6
689;6
690;6
691;6
692;6
693;6
694;6
695;6
696;6
697;6
698;6
699;6
700;6
701;6
702;6
703;6
704;6
705;6
707;1
711;2
712;12
714;8
715;12
717;6
718;6
721;6
722;6
723;6
727;5
729;6
730;6
731;6
732;6
733;6
734;6
738;5
739;5
741;6
742;5
747;6
748;6
749;6
750;6
751;6
752;6
759;6
770;6
771;6
772;6
773;6
899;6
900;6
901;6
902;6
909;6
910;6
911;6
912;6
913;6
914;6
915;6
916;6
918;6
919;6
920;6
921;6
922;6
923;6
924;6
925;6
926;6
927;6
929;6
930;6
931;6
932;6
933;6
934;6
935;6
936;6
937;6
938;6
940;5
947;5
948;5
951;6
952;6
953;6
954;6
955;6
956;6
957;6
958;6
959;6
960;6
961;6
962;10
963;6
965;12
966;6
967;6
968;12
973;2
974;2
975;12
976;8
977;8
978;12
980;6
981;5
982;6
983;6
985;5
986;5
988;5
989;5
990;6
1005;5
1006;5
1009;5
1010;5
1012;5
1013;6
1015;6
1019;6
1022;6
1023;6
1024;6
1025;6
1026;6
1027;6
1028;6
1029;6
1030;10
1031;6
1032;6
1033;6
1034;6
1035;6
1036;6
1037;6
1038;6
1039;10
1040;10
1041;6
1042;6
1043;6
1044;6
1045;6
1046;6
1047;6
1048;6
1049;6
1050;6
1051;6
1053;5
1057;6
1058;6
1059;6
1060;6
1061;6
1062;10
1063;6
1064;6
1065;6
1066;6
1068;16
1069;6
1070;6
1071;6
1072;6
1073;6
1074;6
1075;6
1076;6
1077;6
1078;6
1079;6
1080;6
1081;6
1082;6
1083;6
1084;6
1085;6
1086;6
1087;6
1088;6
1089;6
1090;6
1091;6
1092;6
1093;6
1094;6
1095;6
1096;6
1097;6
1098;6
1099;6
1100;6
1101;6
1102;6
1103;6
1104;6
1105;6
1106;6
1107;6
1108;6
1109;6
1110;6
1111;6
1112;6
1113;6
1114;6
1115;6
1116;6
1117;6
1118;6
1119;6
1120;6
1121;6
1122;6
1123;6
1124;6
1125;6
1126;6
1127;6
1128;6
1129;6
1130;6
1131;6
1132;6
1133;6
1134;6
1135;6
1136;6
1137;6
1138;6
1139;6
1140;6
1141;6
1142;6
1143;6
1144;6
1145;6
1146;6
1147;6
1148;6
1149;6
1150;6
1151;6
1152;6
1153;6
1154;6
1155;6
1156;6
1157;6
1158;6
1159;6
1160;6
1161;6
1162;6
1163;6
1164;6
1165;6
1166;10
1167;10
1168;10
1169;10
1170;10
1171;10
1172;6
1173;10
1174;10
1175;10
1176;6
1177;6
1178;10
1179;6
1180;6
1181;10
1182;6
1183;10
1184;6
1185;6
1186;6
1187;10
1188;6
1189;6
1190;1
1191;6
1192;6
1193;6
1194;6
1195;6
1196;6
1197;6
1198;6
1199;6
1200;6
1201;6
1202;6
1203;6
1204;6
1205;6
1206;6
1207;6
1208;6
1209;6
1210;6
1211;6
1212;6
1213;6
1214;6
1215;6
1216;6
1217;6
1218;6
1219;6
1220;6
1221;6
1222;6
1223;6
1224;6
1225;6
1226;6
1227;6
1228;6
1229;6
1230;6
1231;6
1232;6
1233;6
1234;6
1235;6
1236;6
1237;6
1238;6
1239;6
1240;6
1241;6
1242;6
1243;6
1244;6
1245;6
1246;6
1247;10
1248;10
1249;10
1250;10
1251;10
1252;6
1253;6
1254;6
1255;6
1256;6
1257;6
1258;10
1259;10
1260;10
1261;6
1262;6
1263;6
1264;6
1265;6
1266;6
1267;6
1269;5
1271;5
1272;5
1273;5
1274;5
1275;5
1276;5
1277;5
1278;5
1279;5
1280;5
1281;5
1282;5
1283;5
1285;5
1286;5
1287;5
1288;5
1289;5
1290;5
1291;5
1292;5
1293;5
1295;5
1296;5
1297;5
1298;5
1303;5
1313;5
1316;5
1324;5
1326;5
1330;5
1331;5
1346;5
1349;5
1350;5
1351;5
1352;5
1353;5
1354;5
1355;5
1356;5
1357;5
1358;5
1360;5
1361;5
1362;5
1363;5
1364;5
1365;5
1366;5
1367;5
1368;5
1371;5
1372;5
1373;5
1375;5
1376;5
1377;5
1378;5
1379;5
1381;2
1382;2
1383;2
1384;2
1385;2
1386;2
1387;1
1388;2
1389;2
1390;2
1391;2
1392;2
1393;2
1402;2
1403;2
1404;2
1405;2
1406;2
1407;2
1408;2
1409;2
1410;2
1417;2
1418;2
1419;2
1420;2
1421;2
1422;2
1423;2
1424;2
1425;2
1436;2
1437;2
1438;2
1439;2
1445;2
1446;2
1447;2
1448;2
1449;2
1455;2
1456;2
1457;2
1458;2
1459;2
1460;2
1461;2
1464;2
1465;2
1466;2
1467;2
1468;2
1473;2
1474;2
1475;2
1476;2
1477;2
1478;2
1479;2
1485;2
1486;2
1487;2
1500;2
1501;2
1502;2
1503;2
1504;2
1505;2
1506;2
1507;2
1508;2
1514;1
1515;1
1516;1
1517;1
1518;1
1519;1
1520;1
1521;1
1522;1
1523;1
1524;1
1604;8
1607;8
1608;8
1609;8
1610;8
1611;8
1612;8
1613;8
1614;8
1615;8
1616;8
1617;8
1618;8
1619;8
1620;8
1621;8
1622;8
1623;8
1624;8
1625;8
1626;8
1627;8
1628;8
1629;8
1630;8
1631;8
1632;8
1633;8
1634;8
1635;8
1636;8
1637;8
1638;8
1639;8
1640;8
1641;8
1642;8
1643;8
1644;8
1645;8
1646;8
1647;8
1648;8
1649;8
1650;8
1651;8
1652;8
1653;8
1654;8
1655;8
1656;8
1657;8
1658;8
1659;8
1660;8
1661;8
1662;8
1663;8
1664;8
1665;8
1666;12
1667;12
1668;12
1669;12
1670;12
1671;12
1672;12
1673;12
1674;12
1675;12
1676;12
1677;12
1678;12
1679;12
1680;12
1681;12
1682;12
1683;12
1684;12
1685;12
1686;12
1687;12
1688;12
1689;12
1690;12
1691;12
1692;12
1693;12
1694;12
1695;12
1696;12
1697;12
1698;12
1699;12
1700;12
1701;12
1702;12
1703;12
1704;12
1705;12
1706;12
1707;12
1708;12
1709;12
1710;12
1711;12
1712;12
1713;12
1714;12
1715;12
1716;12
1717;12
1718;12
1719;12
1720;12
1721;12
1722;12
1723;12
1724;12
1725;12
1726;12
1727;12
1728;12
1729;12
1730;12
1731;12
1732;12
1733;12
1734;12
1735;12
1736;12
1737;12
1738;12
1739;12
1740;12
1741;12
1742;12
1743;12
1744;12
1745;12
1746;12
1747;12
1748;12
1749;12
1750;12
1751;12
1752;12
1919;6
1920;6
1921;6
1922;6
1923;6
1924;6
1925;6
1926;6
1927;6
1928;10
1929;5
1930;5
1931;6
1932;6
1933;6
1934;10
1935;6
1936;6
1937;6
1938;6
1939;6
1940;6
1941;6
1942;6
1943;6
1944;6
1945;6
1946;6
1947;10
1948;10
1949;10
1950;10
1951;6
1953;2
1954;2
1955;2
1957;2
1973;8
1974;8
1975;8
1976;8
1977;8
1978;12
1979;12
1980;12
1981;12
1982;12
1983;12
1984;12
1985;12
1987;6
1988;6
1989;6
1990;6
1992;12
1993;6
1994;10
1995;6
1997;6
1998;5
1999;6
2000;6
2001;5
2002;6
2005;6
2006;2
2007;6
2008;6
2009;6
2010;6
2011;6
2012;6
2013;6
2014;6
2015;6
2016;6
2017;6
2018;6
2019;6
2020;6
2021;6
2022;6
2023;6
2024;6
2025;6
2026;6
2027;6
2028;6
2029;6
2030;6
2031;6
2032;6
2033;6
2034;6
2035;6
2036;6
2037;6
2038;6
2039;6
2040;6
2041;6
2042;6
2043;6
2044;6
2045;6
2046;6
2047;6
2048;6
2049;6
2050;6
2051;6
2052;6
2053;6
2054;6
2055;6
2056;6
2057;6
2058;6
2059;6
2060;6
2061;6
2062;6
2063;6
2064;6
2065;6
2066;6
2067;6
2068;6
2069;6
2070;6
2071;6
2072;6
2073;6
2074;6
2075;6
2076;6
2077;6
2078;6
2079;6
2080;6
2081;6
2082;6
2083;6
2084;6
2085;6
2086;6
2087;6
2088;6
2089;6
2090;6
2091;6
2092;6
2093;6
2094;6
2095;6
2096;6
2097;6
2098;6
2099;6
2100;6
2101;6
2102;6
2103;6
2104;6
2105;6
2106;6
2107;6
2108;6
2109;6
2110;6
2111;6
2112;6
2113;6
2114;6
2115;6
2116;6
2117;6
2118;6
2119;6
2120;6
2121;6
2122;6
2123;6
2124;6
2125;6
2126;6
2127;6
2128;6
2129;6
2130;6
2131;6
2132;6
2133;6
2134;6
2135;6
2136;6
2137;6
2138;6
2139;6
2140;6
2141;6
2142;6
2143;6
2144;6
2145;6
2146;6
2147;6
2148;6
2149;6
2150;6
2151;6
2152;6
2153;6
2154;6
2155;6
2156;5
2157;6
2158;6
2159;5
2160;5
2161;5
2162;6
2163;6
2164;6
2166;5
2167;6
2170;5
2171;5
2172;10
2173;5
2175;5
2176;10
2177;6
2178;10
2179;6
2180;6
2181;6
2182;6
2183;6
2184;2
2185;2
2186;2
2187;5
2188;5
2189;5
2190;5
2191;5
2192;5
2193;5
2194;8
2195;8
2196;8
2197;8
2198;8
2199;8
2200;8
2201;8
2202;12
2203;12
2204;12
2205;12
2206;12
2207;12
2210;6
2211;12
2212;1
2213;1
2214;1
2215;1
2216;1
2217;1
2218;1
2219;2
2220;2
2221;2
2222;2
2223;2
2224;2
2226;2
2227;2
2228;2
2229;2
2230;2
2231;2
2232;2
2236;2
2237;2
2238;2
2239;2
2240;2
2242;2
2243;2
2244;2
2246;2
2249;2
2250;1
2251;2
2252;2
2253;2
2256;2
2286;6
2287;10
2288;10
2289;6
2290;6
2291;6
2292;6
2293;6
2294;6
2298;12
2300;12
2301;12
2302;12
2303;12
2304;12
2305;12
2306;12
2307;12
2308;12
2309;12
2310;12
2311;12
2312;12
2313;12
2314;12
2315;12
2316;12
2317;12
2318;12
2319;12
2320;12
2335;5
2339;6
2344;2
2345;6
2346;8
2347;8
2348;8
2349;8
2350;8
2351;8
2352;8
2353;8
2354;12
2355;12
2356;12
2357;12
2358;12
2359;12
2360;12
2361;12
2362;12
2363;12
2364;12
2365;6
2366;12
2367;6
2369;6
2370;6
2371;5
2372;2
2373;2
2374;2
2375;12
2376;12
2377;12
2378;12
2379;12
2380;12
2381;6
2382;6
2575;1
2576;2
2577;2
2578;2
2579;8
2580;8
2581;8
2582;8
2583;12
2584;12
2585;12
2586;12
2587;12
2588;12
2589;12
2590;12
2684;1
2685;10
2686;6
2687;10
2688;10
2689;10
2690;6
2691;6
2692;6
2693;6
2694;6
2695;6
2696;6
2697;10
2698;6
2699;6
2700;6
2701;6
2702;6
2703;6
2704;6
2705;10
2706;6
2707;6
2708;6
2709;6
2710;6
2711;6
2712;6
2713;6
2714;5
2934;6
2935;6
2936;6
2937;6
2938;6
2939;6
2940;6
2941;6
2942;6
2943;6
2944;6
2945;6
2946;6
2947;6
2948;6
2949;6
2950;6
2951;6
2952;6
2953;6
2954;6
2955;6
2956;6
2957;6
2958;6
2959;6
2960;6
2961;6
2962;6
2963;6
2964;6
2965;6
2966;6
2967;6
2968;6
2969;6
2970;6
2972;6
2973;6
2975;1
2976;6
2977;6
2978;6
2979;6
2980;6
2981;6
2982;6
2983;6
2984;6
2985;6
2998;6
3000;12
3001;12
3003;12
3004;12
3005;12
3006;12
3007;12
3010;12
3011;12
3013;12
3014;12
3016;12
3017;12
3018;12
3019;12
3020;12
3021;12
3023;12
3024;12
3025;12
3026;12
3027;12
3028;12
3029;12
3030;12
3031;12
3033;12
3034;12
3035;12
3036;12
3063;10
3064;10
3077;6
3078;10
3079;6
3080;6
3081;6
3082;6
3083;6
3084;6
3087;6
3089;6
3122;6
3124;6
3131;6
3143;6
3144;10
3145;10
3171;10
3172;10
3173;10
3174;10
3175;10
3176;10
3177;10
3178;10
3180;6
3184;10
3186;10
3187;6
3189;6
3190;6
3191;6
3192;6
3193;6
3194;6
3195;6
3196;6
3197;6
3198;6
3199;10
3200;6
3203;10
3394;6
3395;6
3396;6
3397;6
3398;6
3399;6
3400;6
3401;6
3415;8
3416;8
3417;8
3418;8
3419;8
3420;8
3421;8
3422;8
3423;8
3424;8
3425;8
3426;8
3427;8
3428;8
3429;8
3430;8
3431;8
3432;8
3433;8
3434;8
3436;8
3437;8
3438;8
3439;8
3440;8
3441;8
3442;8
3443;8
3444;8
3445;8
3446;8
3447;8
3448;8
3449;8
3450;8
3451;8
3452;8
3453;8
3454;8
3455;8
3456;8
3457;8
3458;8
3459;8
3460;8
3461;8
3462;8
3463;8
3464;8
3465;8
3466;8
3467;8
3468;8
3469;8
3470;8
3471;6
3472;6
3473;10
3474;6
3475;6
3476;6
3477;10
3478;14
3479;6
3480;6
3481;6
3482;6
3483;10
3484;10
3485;6
3486;6
3487;8
3488;8
3489;8
3490;8
3491;8
3492;8
3493;8
3494;8
3495;8
3496;8
3497;8
3498;8
3499;8
3500;8
3501;10
3503;6
3535;2
3538;12
3540;2
3541;5
3542;8
3543;8
3544;8
3545;12
3546;2
3548;2
3552;12
3554;12
3556;2
3558;12
3560;12
3561;2
3562;5
3563;5
3564;6
3565;6
3566;6
3567;6
3568;6
3569;6
3571;6
3572;6
3573;6
3574;6
3575;6
3576;6
3577;6
3578;6
3579;6
3585;5
3588;6
3589;6
3590;6
3591;6
3592;6
3593;10
3594;6
3596;6
3605;6
3606;6
3607;6
3608;6
3609;6
3610;6
3611;6
3612;6
3617;10
3619;6
3620;14
3621;14
3623;6
3626;6
3627;6
3631;6
3635;6
3636;6
3637;6
3638;6
3639;6
3640;6
3644;6
3645;6
3646;10
3647;6
3648;6
3649;6
3650;6
3651;6
3652;6
3653;6
3654;6
3655;6
3656;6
3657;6
3658;6
3663;6
3664;6
1;10
2;10
3;10
4;10
7;10
8;10
9;10
10;10
11;10
12;10
13;10
14;10
15;10
16;10
17;10
18;10
19;10
20;10
21;10
22;10
23;10
24;10
25;10
26;10
27;10
28;10
29;10
30;10
31;10
32;10
33;10
34;10
35;10
36;10
37;10
38;10
39;10
40;10
41;10
42;10
43;10
44;10
46;10
47;10
48;10
49;10
50;10
51;10
52;10
54;10
56;10
57;10
58;10
59;10
60;10
61;10
62;10
63;10
64;10
65;10
66;10
67;10
68;10
69;10
70;10
71;10
72;10
73;10
74;10
75;10
76;10
77;10
78;10
79;10
80;10
81;10
82;10
83;10
84;10
85;10
86;10
87;10
88;10
89;10
90;10
92;10
93;10
94;10
95;10
96;10
97;10
98;10
99;10
100;10
101;10
102;10
103;10
106;10
107;10
108;10
109;10
110;10
111;10
112;10
113;10
114;10
115;10
116;10
117;10
118;10
119;10
120;10
121;10
122;10
123;10
124;10
125;3
126;3
127;3
128;3
129;3
131;10
134;10
135;10
136;10
139;10
140;10
141;10
142;10
143;2
144;10
145;10
146;10
147;10
148;14
149;10
150;10
151;10
152;10
153;10
154;10
155;10
156;10
157;10
158;10
159;10
160;10
161;10
162;10
163;10
164;10
165;10
166;10
167;10
168;10
169;10
170;10
171;10
172;10
173;10
174;10
176;10
177;10
178;1
179;10
180;10
181;10
182;10
183;10
184;10
185;10
186;10
187;10
188;10
189;10
190;10
191;10
192;10
193;10
194;3
198;10
199;10
200;10
201;10
202;10
203;10
204;10
206;10
207;10
208;10
209;10
210;10
211;10
212;10
213;10
214;10
215;10
216;10
217;10
218;10
219;10
220;10
221;10
222;10
223;10
225;10
226;10
227;10
228;10
229;10
230;10
231;10
232;10
233;10
234;10
235;10
236;10
237;10
238;10
239;10
240;10
242;10
243;10
244;10
245;10
246;10
247;10
248;10
249;10
250;10
251;10
252;10
254;8
255;10
256;8
257;8
258;8
259;8
271;10
272;10
276;10
277;10
278;10
291;10
292;10
293;10
294;10
295;10
296;10
297;10
298;10
299;14
300;10
301;10
302;10
303;10
305;10
306;10
307;10
308;10
309;10
311;10
312;10
313;10
314;10
315;10
316;10
317;10
318;10
319;10
320;10
321;10
322;10
323;10
324;10
325;10
326;10
327;10
328;10
329;10
330;10
331;10
332;10
333;10
334;10
335;10
336;10
341;10
342;10
343;10
344;10
345;10
346;10
347;10
348;10
349;10
350;10
351;10
352;10
353;10
354;10
355;10
356;10
357;10
358;10
359;10
360;10
361;10
363;10
365;10
366;10
367;10
368;10
369;10
370;10
371;10
372;10
374;10
375;10
441;3
445;8
446;8
447;14
449;10
450;10
451;14
452;10
453;10
455;10
456;10
457;10
459;10
460;10
461;10
462;10
464;10
465;10
466;10
467;10
468;10
469;10
470;10
471;10
472;10
473;10
474;1
475;10
476;10
477;10
478;10
480;10
481;10
482;10
483;10
484;10
485;16
486;10
487;1
488;1
489;16
490;16
491;1
492;10
493;16
494;10
495;16
496;10
497;10
503;10
504;10
505;10
506;10
507;10
508;10
509;10
510;10
511;10
512;10
513;10
514;10
515;10
516;10
517;10
518;10
519;10
520;10
521;10
522;10
523;10
524;10
525;10
526;10
527;10
528;10
530;10
533;10
534;10
535;10
536;10
537;10
538;10
539;10
540;10
541;10
542;10
543;10
544;10
545;10
546;10
547;10
548;10
549;10
550;10
551;10
552;10
553;10
554;10
555;10
556;10
557;10
558;10
559;10
560;10
561;10
565;10
566;10
567;10
568;10
569;10
570;10
572;10
574;10
575;10
576;10
577;10
578;10
579;10
580;10
581;10
582;10
583;10
584;10
585;10
586;10
587;10
588;10
589;10
590;10
591;10
592;10
593;10
594;10
595;10
596;10
598;10
599;10
600;10
601;10
602;10
603;10
604;10
605;10
606;10
607;10
608;10
609;10
611;10
612;10
613;10
614;10
615;10
628;10
631;10
632;10
633;10
634;10
635;10
636;10
637;14
638;10
639;10
640;10
641;10
642;10
643;10
644;10
645;10
646;10
647;10
648;10
649;10
650;10
651;10
652;10
653;10
654;10
655;10
656;10
657;10
658;10
659;10
660;10
661;10
663;10
664;10
677;10
678;10
679;10
680;10
681;10
685;10
686;14
687;10
688;10
689;10
690;10
691;10
692;10
693;10
694;10
695;10
696;10
697;10
698;10
699;10
700;10
701;10
702;10
703;10
704;10
705;10
707;2
711;3
717;10
718;10
721;10
722;10
723;10
729;10
730;10
731;10
732;10
733;10
734;10
741;10
747;10
748;10
749;10
750;10
751;10
752;10
759;10
770;10
771;10
772;10
773;10
899;10
900;10
901;10
902;10
909;10
910;10
911;10
912;10
913;10
914;10
915;10
916;10
918;10
919;10
920;10
921;10
922;10
923;10
924;10
925;10
926;10
927;10
929;10
930;10
931;10
932;10
933;10
934;10
935;10
936;10
937;10
938;10
951;10
952;10
953;10
954;10
955;10
956;10
957;10
958;10
959;10
960;10
961;10
962;14
963;10
966;10
967;10
973;3
974;3
980;10
982;10
983;10
990;10
1013;10
1015;10
1019;10
1022;10
1023;10
1024;10
1025;10
1026;10
1027;10
1028;10
1029;10
1030;14
1031;10
1032;10
1033;10
1034;10
1035;10
1036;10
1037;10
1038;10
1039;14
1040;14
1041;10
1042;10
1043;10
1044;10
1045;10
1046;10
1047;10
1048;10
1049;10
1050;10
1051;10
1057;10
1058;10
1059;10
1060;10
1061;10
1062;14
1063;10
1064;10
1065;10
1066;10
1068;1
1069;10
1070;10
1071;10
1072;10
1073;10
1074;10
1075;10
1076;10
1077;10
1078;10
1079;10
1080;10
1081;10
1082;10
1083;10
1084;10
1085;10
1086;10
1087;10
1088;10
1089;10
1090;10
1091;10
1092;10
1093;10
1094;10
1095;10
1096;10
1097;10
1098;10
1099;10
1100;10
1101;10
1102;10
1103;10
1104;10
1105;10
1106;10
1107;10
1108;10
1109;10
1110;10
1111;10
1112;10
1113;10
1114;10
1115;10
1116;10
1117;10
1118;10
1119;10
1120;10
1121;10
1122;10
1123;10
1124;10
1125;10
1126;10
1127;10
1128;10
1129;10
1130;10
1131;10
1132;10
1133;10
1134;10
1135;10
1136;10
1137;10
1138;10
1139;10
1140;10
1141;1
1142;10
1143;10
1144;10
1145;1
1146;1
1147;10
1148;10
1149;10
1150;10
1151;10
1152;10
1153;10
1154;10
1155;10
1156;10
1157;10
1158;10
1159;10
1160;10
1161;10
1162;10
1163;10
1164;10
1165;10
1166;14
1167;14
1168;14
1169;14
1170;14
1171;14
1172;10
1173;14
1174;14
1175;14
1176;10
1177;10
1178;14
1179;10
1180;10
1181;14
1182;10
1183;14
1184;10
1185;10
1186;10
1187;14
1188;10
1189;10
1190;2
1191;10
1192;10
1193;10
1194;10
1195;10
1196;10
1197;10
1198;10
1199;10
1200;10
1201;10
1202;10
1203;10
1204;10
1205;10
1206;10
1207;10
1208;10
1209;10
1210;10
1211;10
1212;10
1213;10
1214;10
1215;10
1216;10
1217;10
1218;10
1219;10
1220;10
1221;10
1222;10
1223;10
1224;10
1225;10
1226;10
1227;10
1228;10
1229;10
1230;10
1231;10
1232;10
1233;10
1234;10
1235;10
1236;10
1237;10
1238;10
1239;10
1240;10
1241;10
1242;10
1243;10
1244;10
1245;10
1246;10
1247;14
1248;14
1249;14
1250;14
1251;14
1252;10
1253;10
1254;10
1255;10
1256;10
1257;10
1258;14
1259;14
1260;14
1261;10
1262;10
1263;10
1264;10
1265;10
1266;10
1267;10
1381;3
1382;3
1383;3
1384;3
1385;3
1386;3
1387;2
1388;3
1389;3
1390;3
1391;3
1392;3
1393;3
1402;3
1403;3
1404;3
1405;3
1406;3
1407;3
1408;3
1409;3
1410;3
1417;3
1418;3
1419;3
1420;3
1421;3
1422;3
1423;3
1424;3
1425;3
1436;3
1437;3
1438;3
1439;3
1445;3
1446;3
1447;3
1448;3
1449;3
1455;3
1456;3
1457;3
1458;3
1459;3
1460;3
1461;3
1464;3
1465;3
1466;3
1467;3
1468;3
1473;3
1474;3
1475;3
1476;3
1477;3
1478;3
1479;3
1485;3
1486;3
1487;3
1500;3
1501;3
1502;3
1503;3
1504;3
1505;3
1506;3
1507;3
1508;3
1514;2
1515;2
1516;2
1517;2
1518;2
1519;2
1520;2
1521;2
1522;2
1523;2
1524;2
1919;10
1920;10
1921;10
1922;10
1923;10
1924;10
1925;10
1926;10
1927;10
1928;14
1931;10
1932;10
1933;10
1934;14
1935;10
1936;10
1937;10
1938;10
1939;10
1940;10
1941;10
1942;10
1943;10
1944;10
1945;10
1946;10
1947;14
1948;14
1949;14
1950;14
1951;10
1953;3
1954;3
1955;3
1957;3
1987;10
1988;10
1989;10
1990;10
1993;1
1994;14
1995;10
1997;10
1999;10
2000;10
2002;10
2005;10
2006;3
2007;10
2008;10
2009;10
2010;10
2011;10
2012;10
2013;10
2014;10
2015;10
2016;10
2017;10
2018;10
2019;10
2020;10
2021;10
2022;10
2023;10
2024;10
2025;10
2026;10
2027;10
2028;10
2029;10
2030;10
2031;10
2032;10
2033;10
2034;10
2035;10
2036;10
2037;10
2038;10
2039;10
2040;10
2041;10
2042;10
2043;2
2044;10
2045;10
2046;10
2047;10
2048;10
2049;10
2050;10
2051;10
2052;10
2053;10
2054;10
2055;10
2056;10
2057;10
2058;10
2059;10
2060;10
2061;10
2062;1
2063;10
2064;10
2065;10
2066;10
2067;10
2068;10
2069;10
2070;10
2071;10
2072;10
2073;10
2074;10
2075;10
2076;10
2077;10
2078;10
2079;10
2080;10
2081;10
2082;10
2083;10
2084;10
2085;10
2086;10
2087;10
2088;10
2089;10
2090;10
2091;10
2092;10
2093;10
2094;10
2095;10
2096;10
2097;10
2098;10
2099;10
2100;10
2101;10
2102;10
2103;10
2104;10
2105;10
2106;10
2107;10
2108;10
2109;10
2110;10
2111;10
2112;10
2113;10
2114;10
2115;10
2116;10
2117;10
2118;10
2119;10
2120;10
2121;10
2122;10
2123;10
2124;10
2125;10
2126;10
2127;10
2128;10
2129;10
2130;10
2131;10
2132;10
2133;10
2134;10
2135;10
2136;10
2137;10
2138;10
2139;10
2140;10
2141;10
2142;10
2143;10
2144;10
2145;10
2146;10
2147;10
2148;10
2149;10
2150;10
2151;10
2152;10
2153;10
2154;10
2155;10
2157;10
2158;10
2162;10
2163;10
2164;10
2167;10
2172;14
2176;14
2177;10
2178;14
2179;10
2180;10
2181;10
2182;10
2183;10
2184;3
2185;3
2186;3
2210;10
2212;2
2213;2
2214;2
2215;2
2216;2
2217;2
2218;2
2219;3
2220;3
2221;3
2222;3
2223;3
2224;3
2226;3
2227;3
2228;3
2229;3
2230;3
2231;3
2232;3
2236;3
2237;3
2238;3
2239;3
2240;3
2242;3
2243;3
2244;3
2246;3
2249;3
2250;2
2251;3
2252;3
2253;3
2256;3
2286;10
2287;14
2288;14
2289;10
2290;10
2291;10
2292;10
2293;10
2294;10
2339;10
2344;3
2345;10
2365;10
2367;10
2369;10
2370;10
2372;3
2373;3
2374;3
2381;10
2382;10
2575;2
2576;3
2577;3
2578;3
2684;2
2685;14
2686;10
2687;14
2688;14
2689;14
2690;10
2691;10
2692;10
2693;10
2694;10
2695;10
2696;10
2697;14
2698;10
2699;10
2700;10
2701;10
2702;10
2703;10
2704;10
2705;14
2706;10
2707;10
2708;10
2709;10
2710;10
2711;10
2712;10
2713;10
2934;10
2935;10
2936;10
2937;10
2938;10
2939;10
2940;10
2941;10
2942;10
2943;10
2944;10
2945;10
2946;10
2947;10
2948;10
2949;14
2950;10
2951;10
2952;10
2953;10
2954;10
2955;10
2956;10
2957;10
2958;10
2959;10
2960;10
2961;10
2962;10
2963;10
2964;10
2965;10
2966;10
2967;10
2968;10
2969;10
2970;10
2972;10
2973;10
2975;2
2976;10
2977;10
2978;10
2979;10
2980;10
2981;10
2982;10
2983;10
2984;10
2985;10
2998;10
3063;14
3064;14
3077;10
3078;14
3079;10
3080;10
3081;10
3082;10
3083;10
3084;10
3087;10
3089;10
3122;10
3124;10
3131;10
3143;10
3144;14
3145;14
3172;14
3173;14
3174;14
3180;10
3184;14
3186;14
3187;10
3189;10
3190;10
3191;10
3192;10
3193;10
3194;10
3195;10
3196;10
3197;10
3198;10
3199;14
3200;10
3203;14
3394;10
3395;10
3396;10
3397;10
3398;10
3399;10
3400;10
3401;10
3471;10
3472;10
3473;14
3474;10
3475;10
3476;10
3477;16
3478;16
3479;10
3480;10
3481;10
3482;10
3483;14
3484;14
3485;10
3486;10
3503;10
3535;3
3540;3
3546;3
3548;3
3556;3
3561;3
3564;10
3565;10
3566;10
3567;10
3568;10
3569;10
3571;10
3572;10
3573;10
3574;10
3575;10
3576;10
3577;10
3578;10
3579;10
3588;10
3589;10
3590;10
3591;14
3592;10
3593;14
3594;10
3596;10
3605;10
3606;10
3607;10
3608;10
3609;10
3610;10
3611;10
3612;10
3617;14
3619;10
3620;8
3621;8
3623;10
3626;10
3627;10
3631;10
3635;10
3636;10
3637;10
3638;10
3639;10
3640;10
3644;10
3645;10
3647;10
3648;10
3649;10
3650;10
3651;10
3652;10
3653;10
3654;10
3655;10
3656;10
3657;10
3658;10
3663;10
3664;10
1;16
2;16
3;16
4;16
7;16
8;16
9;16
10;16
11;16
12;16
13;16
14;16
15;16
16;16
17;16
18;16
19;16
20;16
21;16
22;16
23;16
24;16
25;16
26;16
27;16
28;16
29;16
30;16
31;16
32;16
33;16
34;16
35;16
36;16
37;16
38;16
39;16
40;16
41;16
42;16
43;16
44;16
46;16
47;16
48;16
49;16
50;16
51;16
52;16
54;16
56;16
57;16
58;16
59;16
60;2
61;16
62;16
63;16
64;16
65;16
66;16
67;16
68;16
69;16
70;16
71;16
72;16
73;16
74;16
75;16
76;16
77;16
78;16
79;16
80;16
81;16
82;16
83;16
84;16
85;16
86;16
87;16
88;16
89;16
90;16
92;16
93;16
94;16
95;16
96;16
97;16
98;16
99;16
100;16
101;16
102;16
103;16
106;16
107;16
108;16
109;16
110;16
111;16
112;16
113;16
114;16
115;16
116;16
117;16
118;16
119;16
120;16
121;16
122;1
123;16
124;16
131;16
134;16
135;16
136;1
139;16
140;16
141;16
142;16
143;5
144;16
145;1
146;1
147;1
148;12
149;16
150;16
151;16
152;16
153;16
154;16
155;16
156;16
157;16
158;16
159;16
160;16
161;2
162;16
163;16
164;16
165;16
166;16
167;16
168;16
169;16
170;16
171;16
172;2
173;16
174;16
176;2
177;2
178;3
179;16
180;16
181;16
182;16
183;1
184;16
185;16
186;16
187;16
188;16
189;16
190;16
191;16
192;16
193;16
198;16
199;2
200;16
201;16
202;16
203;2
204;16
206;16
207;16
208;16
209;16
210;16
211;16
212;1
213;16
214;16
215;16
216;1
217;16
218;16
219;16
220;2
221;16
222;16
223;16
225;16
226;16
227;16
228;16
229;16
230;16
231;16
232;16
233;16
234;16
235;16
236;16
237;2
238;16
239;16
240;16
242;16
243;16
244;16
245;16
246;16
247;16
248;16
249;16
250;16
251;16
252;16
255;16
271;16
272;16
276;16
277;16
278;16
291;16
292;16
293;16
294;16
295;16
296;16
297;16
298;16
299;8
300;16
301;16
302;16
303;2
305;16
306;16
307;16
308;16
309;16
311;16
312;16
313;16
314;16
315;16
316;16
317;16
318;16
319;1
320;16
321;16
322;16
323;16
324;16
325;16
326;16
327;16
328;16
329;16
330;16
331;16
332;16
333;16
334;16
335;16
336;16
341;16
342;16
343;16
344;16
345;16
346;16
347;16
348;16
349;16
350;16
351;16
352;16
353;16
354;16
355;16
356;16
357;16
358;16
359;16
360;16
361;16
363;16
365;16
366;16
367;16
368;16
369;16
370;16
371;16
372;2
374;16
375;16
447;8
449;2
450;2
451;2
452;16
453;16
455;16
456;16
457;16
459;16
460;16
461;16
462;16
464;16
465;16
466;16
467;16
468;16
469;16
470;16
471;16
472;16
473;16
474;3
475;16
476;16
477;16
478;16
480;16
481;16
482;2
483;16
484;16
485;2
486;16
487;3
488;3
489;2
490;2
491;3
492;16
493;2
494;16
495;2
496;16
497;1
503;1
504;16
505;16
506;16
507;16
508;16
509;16
510;16
511;16
512;16
513;16
514;16
515;16
516;16
517;16
518;16
519;16
520;16
521;16
522;16
523;16
524;16
525;16
526;16
527;16
528;16
530;16
533;16
534;16
535;16
536;16
537;16
538;16
539;16
540;16
541;16
542;16
543;16
544;16
545;16
546;16
547;16
548;16
549;16
550;16
551;16
552;2
553;16
554;16
555;16
556;16
557;16
558;16
559;16
560;16
561;16
565;16
566;16
567;16
568;16
569;16
570;16
572;16
574;1
575;16
576;16
577;16
578;16
579;16
580;16
581;16
582;16
583;16
584;16
585;16
586;16
587;16
588;16
589;16
590;16
591;16
592;16
593;16
594;16
595;16
596;16
598;16
599;16
600;16
601;16
602;16
603;16
604;16
605;16
606;16
607;16
608;16
609;16
611;16
612;16
613;16
614;16
615;16
628;16
631;16
632;16
633;16
634;16
635;16
636;16
637;12
638;16
639;16
640;16
641;16
642;16
643;1
644;16
645;16
646;16
647;16
648;16
649;16
650;16
651;16
652;16
653;16
654;16
655;16
656;16
657;16
658;16
659;2
660;16
661;16
663;1
664;16
677;16
678;16
679;16
680;2
681;16
685;16
686;12
687;16
688;16
689;16
690;16
691;16
692;16
693;16
694;16
695;16
696;16
697;16
698;16
699;16
700;16
701;16
702;16
703;16
704;16
705;16
717;16
718;16
721;16
722;16
723;16
729;16
730;16
731;16
732;16
733;16
734;16
741;16
747;16
748;16
749;16
750;16
751;16
752;16
759;16
770;16
771;16
772;16
773;16
899;2
900;16
901;16
902;16
909;16
910;16
911;16
912;16
913;16
914;16
915;16
916;16
918;2
919;2
920;16
921;16
922;16
923;16
924;16
925;16
926;16
927;2
929;16
930;16
931;16
932;16
933;16
934;2
935;16
936;16
937;16
938;16
951;16
952;16
953;16
954;16
955;16
956;16
957;16
958;16
959;16
960;16
961;2
962;12
963;16
966;16
967;16
980;16
982;16
983;16
990;16
1013;16
1015;16
1019;16
1022;16
1023;16
1024;16
1025;16
1026;16
1027;16
1028;16
1029;16
1030;8
1031;16
1032;16
1033;16
1034;16
1035;16
1036;16
1037;16
1038;16
1039;8
1040;8
1041;16
1042;16
1043;16
1044;16
1045;16
1046;2
1047;16
1048;16
1049;16
1050;16
1051;16
1057;16
1058;16
1059;16
1060;16
1061;16
1062;8
1063;16
1064;16
1065;16
1066;16
1068;3
1069;2
1070;16
1071;16
1072;16
1073;16
1074;16
1075;16
1076;16
1077;16
1078;16
1079;16
1080;16
1081;16
1082;16
1083;16
1084;16
1085;16
1086;16
1087;16
1088;16
1089;16
1090;16
1091;16
1092;16
1093;16
1094;16
1095;16
1096;16
1097;16
1098;16
1099;16
1100;16
1101;16
1102;16
1103;16
1104;16
1105;16
1106;16
1107;16
1108;16
1109;16
1110;16
1111;16
1112;16
1113;16
1114;16
1115;16
1116;16
1117;16
1118;16
1119;16
1120;16
1121;16
1122;16
1123;16
1124;16
1125;16
1126;16
1127;16
1128;16
1129;16
1130;16
1131;16
1132;16
1133;16
1134;16
1135;16
1136;16
1137;16
1138;16
1139;16
1140;16
1141;3
1142;16
1143;16
1144;16
1145;3
1146;3
1147;16
1148;16
1149;16
1150;16
1151;16
1152;16
1153;16
1154;16
1155;16
1156;16
1157;16
1158;16
1159;16
1160;16
1161;2
1162;2
1163;16
1164;16
1165;16
1166;1
1167;1
1168;1
1169;8
1170;8
1171;1
1172;16
1173;1
1174;8
1175;8
1176;16
1177;16
1178;8
1179;16
1180;16
1181;8
1182;16
1183;5
1184;16
1185;16
1186;16
1187;5
1188;16
1189;16
1191;16
1192;16
1193;16
1194;16
1195;16
1196;16
1197;16
1198;16
1199;16
1200;16
1201;16
1202;16
1203;16
1204;16
1205;16
1206;16
1207;16
1208;16
1209;16
1210;16
1211;16
1212;16
1213;16
1214;16
1215;16
1216;16
1217;16
1218;16
1219;16
1220;16
1221;16
1222;16
1223;16
1224;16
1225;16
1226;16
1227;16
1228;16
1229;16
1230;16
1231;16
1232;16
1233;16
1234;16
1235;16
1236;16
1237;16
1238;16
1239;16
1240;16
1241;16
1242;16
1243;16
1244;16
1245;16
1246;2
1247;12
1248;12
1249;8
1250;8
1251;5
1252;16
1253;1
1254;16
1255;16
1256;16
1257;16
1258;12
1259;8
1260;8
1261;16
1262;16
1263;16
1264;16
1265;16
1266;16
1267;2
1919;16
1920;16
1921;16
1922;16
1923;16
1924;16
1925;16
1926;16
1927;16
1928;8
1931;16
1932;16
1933;16
1934;8
1935;16
1936;16
1937;16
1938;16
1939;16
1940;16
1941;16
1942;16
1943;16
1944;16
1945;16
1946;16
1947;8
1948;8
1949;8
1950;12
1951;2
1987;16
1988;16
1989;16
1990;16
1993;3
1994;3
1995;16
1997;1
1999;16
2000;16
2002;16
2005;16
2007;16
2008;16
2009;16
2010;16
2011;16
2012;16
2013;16
2014;16
2015;16
2016;16
2017;16
2018;16
2019;16
2020;16
2021;16
2022;16
2023;16
2024;16
2025;16
2026;16
2027;16
2028;16
2029;16
2030;16
2031;16
2032;16
2033;16
2034;16
2035;16
2036;16
2037;16
2038;16
2039;2
2040;16
2041;16
2042;16
2043;5
2044;16
2045;16
2046;16
2047;16
2048;16
2049;16
2050;16
2051;16
2052;16
2053;16
2054;16
2055;16
2056;16
2057;16
2058;16
2059;16
2060;16
2061;16
2062;3
2063;16
2064;16
2065;16
2066;16
2067;16
2068;16
2069;16
2070;16
2071;16
2072;16
2073;16
2074;16
2075;16
2076;16
2077;16
2078;16
2079;16
2080;16
2081;16
2082;16
2083;16
2084;16
2085;16
2086;16
2087;16
2088;16
2089;16
2090;16
2091;16
2092;16
2093;16
2094;16
2095;16
2096;16
2097;16
2098;16
2099;16
2100;16
2101;16
2102;16
2103;16
2104;16
2105;16
2106;16
2107;2
2108;16
2109;16
2110;16
2111;16
2112;16
2113;16
2114;16
2115;16
2116;16
2117;16
2118;16
2119;16
2120;16
2121;16
2122;16
2123;16
2124;5
2125;16
2126;16
2127;16
2128;16
2129;16
2130;16
2131;2
2132;2
2133;2
2134;2
2135;16
2136;16
2137;2
2138;16
2139;2
2140;2
2141;16
2142;16
2143;16
2144;16
2145;16
2146;16
2147;16
2148;16
2149;16
2150;16
2151;16
2152;16
2153;5
2154;16
2155;16
2157;16
2158;16
2162;16
2163;16
2164;16
2167;16
2172;5
2176;8
2177;16
2178;8
2179;16
2180;16
2181;2
2182;16
2183;16
2210;16
2286;16
2287;5
2288;8
2289;16
2290;16
2291;16
2292;16
2293;16
2294;16
2339;16
2345;16
2365;16
2367;16
2369;16
2370;16
2381;16
2382;16
2685;5
2686;16
2687;5
2688;5
2689;5
2690;16
2691;16
2692;16
2693;16
2694;16
2695;16
2696;16
2697;5
2698;16
2699;16
2700;16
2701;16
2702;16
2703;16
2704;16
2705;5
2706;16
2707;16
2708;16
2709;16
2710;16
2711;16
2712;16
2713;16
2934;1
2935;1
2936;1
2937;1
2938;1
2939;1
2940;1
2941;1
2942;16
2943;16
2944;16
2945;16
2946;1
2947;1
2948;16
2949;1
2950;16
2951;16
2952;16
2953;1
2954;1
2955;1
2956;1
2957;1
2958;1
2959;1
2960;1
2961;1
2962;1
2963;1
2964;16
2965;16
2966;16
2967;16
2968;1
2969;16
2970;16
2972;16
2973;16
2976;1
2977;16
2978;16
2979;16
2980;16
2981;16
2982;16
2983;16
2984;16
2985;16
2998;16
3063;8
3064;8
3077;16
3078;5
3079;16
3080;16
3081;16
3082;16
3083;16
3084;16
3087;16
3089;2
3122;2
3124;2
3131;2
3143;2
3144;8
3145;8
3203;8
3394;16
3395;16
3396;16
3397;16
3398;16
3399;16
3400;16
3401;16
3471;1
3472;16
3473;5
3474;16
3475;16
3476;16
3478;12
3479;16
3480;16
3481;16
3482;16
3483;8
3484;5
3485;16
3486;16
3503;16
3564;16
3565;16
3566;16
3567;16
3568;16
3569;16
3571;16
3572;16
3573;16
3574;16
3575;16
3576;16
3577;16
3578;16
3579;16
3588;16
3589;16
3590;16
3591;1
3592;16
3593;12
3594;16
3596;16
3605;16
3606;16
3607;16
3608;16
3609;16
3610;16
3611;16
3612;16
3619;1
3623;16
3626;16
3627;16
3631;16
3635;16
3636;16
3637;16
3638;16
3639;16
3640;16
3644;16
3645;1
3647;16
3648;16
3649;16
3650;16
3651;16
3652;16
3653;16
3654;16
3655;16
3656;16
3657;16
3658;16
3663;16
3664;16
1;2
2;2
3;2
4;2
7;2
8;2
9;2
10;2
11;2
12;2
13;2
14;2
15;2
16;2
17;2
18;2
19;2
20;2
21;2
22;2
23;2
24;2
25;2
26;2
27;2
28;2
29;2
30;2
31;2
32;2
33;2
34;2
35;2
36;2
37;2
38;2
39;2
40;2
41;2
42;2
43;2
44;2
46;2
47;2
48;2
49;2
50;2
51;2
52;2
54;2
56;2
57;2
58;2
59;2
60;5
61;2
62;2
63;2
64;2
65;2
66;2
67;2
68;2
69;2
70;2
71;2
72;2
73;2
74;2
75;2
76;2
77;2
78;2
79;2
80;2
81;2
82;2
83;2
84;2
85;2
86;2
87;2
88;2
89;2
90;2
92;2
93;2
94;2
95;2
96;2
97;2
98;2
99;2
100;2
101;2
102;2
103;2
106;2
107;2
108;2
109;2
110;2
111;2
112;2
113;2
114;2
115;2
116;2
117;2
118;2
119;2
120;2
121;2
122;3
123;2
124;2
131;2
134;2
135;2
136;3
139;2
140;2
141;2
142;2
144;2
145;3
146;3
147;3
149;2
150;2
151;2
152;2
153;2
154;2
155;2
156;2
157;2
158;2
159;2
160;2
161;8
162;2
163;2
164;2
165;2
166;2
167;2
168;2
169;2
170;2
171;2
172;8
173;2
174;2
176;8
177;8
179;2
180;2
181;2
182;2
183;3
184;2
185;2
186;2
187;2
188;2
189;2
190;2
191;2
192;2
193;2
198;2
199;5
200;2
201;2
202;2
203;5
204;2
206;2
207;2
208;2
209;2
210;2
211;2
212;3
213;2
214;2
215;2
216;3
217;2
218;2
219;2
220;8
221;2
222;2
223;2
225;2
226;2
227;2
228;2
229;2
230;2
231;2
232;2
233;2
234;2
235;2
236;2
237;8
238;2
239;2
240;2
242;2
243;2
244;2
245;2
246;2
247;2
248;2
249;2
250;2
251;2
252;2
255;2
271;2
272;2
276;2
277;2
278;2
291;2
292;2
293;2
294;2
295;2
296;2
297;2
298;2
300;2
301;2
302;2
303;8
305;2
306;2
307;2
308;2
309;2
311;2
312;2
313;2
314;2
315;2
316;2
317;2
318;2
319;3
320;2
321;2
322;2
323;2
324;2
325;2
326;2
327;2
328;2
329;2
330;2
331;2
332;2
333;2
334;2
335;2
336;2
341;2
342;2
343;2
344;2
345;2
346;2
347;2
348;2
349;2
350;2
351;2
352;2
353;2
354;2
355;2
356;2
357;2
358;2
359;2
360;2
361;2
363;2
365;2
366;2
367;2
368;2
369;2
370;2
371;2
372;8
374;2
375;2
449;5
450;8
451;8
452;2
453;2
455;2
456;2
457;2
459;2
460;2
461;2
462;2
464;2
465;2
466;2
467;2
468;2
469;2
470;3
471;3
472;2
473;2
475;2
476;2
477;2
478;2
480;3
481;2
482;5
483;2
484;2
485;5
486;2
489;5
490;5
492;2
493;5
494;2
495;5
496;2
497;3
503;3
504;2
505;2
506;2
507;2
508;2
509;2
510;2
511;2
512;2
513;2
514;2
515;2
516;2
517;2
518;2
519;2
520;2
521;2
522;2
523;2
524;2
525;2
526;2
527;2
528;2
530;2
533;2
534;2
535;2
536;2
537;2
538;2
539;2
540;2
541;2
542;2
543;2
544;2
545;2
546;2
547;2
548;2
549;2
550;2
551;2
552;8
553;2
554;2
555;2
556;2
557;2
558;2
559;2
560;2
561;2
565;2
566;2
567;2
568;2
569;2
570;2
572;2
574;3
575;2
576;2
577;2
578;2
579;2
580;2
581;2
582;2
583;2
584;2
585;2
586;2
587;2
588;2
589;2
590;2
591;2
592;2
593;2
594;2
595;2
596;2
598;2
599;2
600;2
601;2
602;2
603;2
604;2
605;2
606;2
607;2
608;2
609;2
611;2
612;2
613;2
614;2
615;2
628;2
631;2
632;2
633;2
634;2
635;2
636;2
638;2
639;2
640;2
641;2
642;2
643;3
644;2
645;2
646;2
647;2
648;2
649;2
650;2
651;2
652;2
653;2
654;2
655;2
656;2
657;2
658;2
659;5
660;2
661;2
663;3
664;2
677;2
678;3
679;3
680;8
681;2
685;2
687;2
688;2
689;2
690;2
691;2
692;2
693;2
694;2
695;2
696;2
697;2
698;2
699;2
700;2
701;2
702;2
703;2
704;2
705;2
717;2
718;2
721;2
722;2
723;2
729;2
730;2
731;2
732;2
733;2
734;2
741;2
747;2
748;2
749;2
750;2
751;2
752;2
759;2
770;2
771;2
772;2
773;2
899;8
900;2
901;2
902;2
909;2
910;2
911;2
912;2
913;2
914;2
915;2
916;2
918;5
919;5
920;2
921;2
922;2
924;2
925;2
926;2
927;5
929;2
930;2
931;2
932;2
933;2
934;5
935;2
936;2
937;2
938;2
951;2
952;2
953;2
954;2
955;2
956;2
957;2
958;2
959;2
960;2
961;5
963;2
966;2
967;2
980;2
982;2
983;2
990;2
1013;2
1015;2
1019;2
1022;2
1023;2
1024;2
1025;2
1026;2
1027;2
1028;2
1029;2
1031;2
1032;2
1033;2
1034;2
1035;2
1036;2
1037;2
1038;2
1041;2
1042;2
1043;2
1044;2
1045;2
1046;5
1047;3
1048;2
1049;2
1050;2
1051;2
1057;2
1058;2
1059;2
1060;2
1061;2
1063;2
1064;2
1065;2
1066;2
1069;8
1070;2
1071;2
1072;2
1073;2
1074;2
1075;2
1076;2
1077;2
1078;2
1079;2
1080;2
1081;2
1082;2
1083;2
1084;2
1085;2
1086;2
1087;2
1088;2
1089;2
1090;2
1091;2
1092;2
1093;2
1094;2
1095;2
1096;2
1097;2
1098;2
1099;2
1100;2
1101;2
1102;2
1103;2
1104;2
1105;2
1106;2
1107;2
1108;2
1109;2
1110;2
1111;2
1112;2
1113;2
1114;2
1115;2
1116;2
1117;2
1118;2
1119;2
1120;2
1121;2
1122;2
1123;2
1124;2
1125;2
1126;2
1127;2
1128;2
1129;2
1130;2
1131;2
1132;2
1133;2
1134;2
1135;2
1136;2
1137;2
1138;2
1139;2
1140;2
1142;2
1143;2
1144;2
1147;2
1148;2
1149;2
1150;2
1151;2
1152;2
1153;2
1154;2
1155;2
1156;2
1157;2
1158;2
1159;2
1160;2
1161;5
1162;5
1163;2
1164;2
1165;2
1166;8
1167;8
1168;8
1171;8
1172;2
1173;8
1176;2
1177;2
1179;2
1180;2
1182;2
1183;12
1184;2
1185;2
1186;2
1187;12
1188;2
1189;2
1191;2
1192;2
1193;2
1194;2
1195;2
1196;2
1197;2
1198;2
1199;2
1200;2
1201;2
1202;2
1203;2
1204;2
1205;2
1206;2
1207;2
1208;2
1209;2
1210;2
1211;2
1212;2
1213;2
1214;2
1215;2
1216;2
1217;2
1218;2
1219;2
1220;2
1221;2
1222;2
1223;2
1224;2
1225;2
1226;2
1227;2
1228;2
1229;2
1230;2
1231;2
1232;2
1233;2
1234;2
1235;2
1236;2
1237;2
1238;2
1239;2
1240;2
1241;2
1242;2
1243;2
1244;2
1245;2
1246;8
1251;12
1252;2
1253;3
1254;2
1255;2
1256;2
1257;2
1261;2
1262;2
1263;2
1264;2
1265;2
1266;2
1267;8
1919;2
1920;2
1921;2
1922;2
1923;2
1924;2
1925;2
1926;2
1927;2
1931;2
1932;2
1933;2
1935;2
1936;2
1937;2
1938;2
1939;2
1940;2
1941;2
1942;2
1943;2
1944;2
1945;2
1946;2
1951;8
1987;2
1988;2
1989;2
1990;3
1994;8
1995;2
1997;3
1999;2
2000;2
2002;2
2005;2
2007;2
2008;2
2009;2
2010;2
2011;2
2012;2
2013;2
2014;2
2015;2
2016;2
2017;2
2018;2
2019;2
2020;2
2021;2
2022;2
2023;2
2024;2
2025;2
2026;2
2027;2
2028;2
2029;2
2030;2
2031;2
2032;2
2033;2
2034;2
2035;2
2036;2
2037;2
2038;2
2039;5
2040;2
2041;2
2042;2
2044;2
2045;2
2046;2
2047;2
2048;2
2049;2
2050;2
2051;2
2052;2
2053;2
2054;2
2055;2
2056;2
2057;2
2058;2
2059;2
2060;2
2061;2
2063;2
2064;2
2065;2
2066;2
2067;2
2068;2
2069;2
2070;2
2071;2
2072;2
2073;2
2074;2
2075;2
2076;2
2077;2
2078;2
2079;2
2080;2
2081;2
2082;2
2083;2
2084;2
2085;2
2086;2
2087;2
2088;2
2089;2
2090;2
2091;2
2092;2
2093;2
2094;2
2095;2
2096;2
2097;2
2098;2
2099;2
2100;2
2101;2
2102;2
2103;2
2104;2
2105;2
2106;2
2107;5
2108;2
2109;2
2110;2
2111;2
2112;2
2113;3
2114;2
2115;2
2116;2
2117;2
2118;2
2119;2
2120;2
2121;2
2122;2
2123;2
2124;12
2125;2
2126;2
2127;2
2128;2
2129;2
2130;3
2131;5
2132;5
2133;5
2134;5
2135;2
2136;2
2137;5
2138;2
2139;5
2140;5
2141;2
2142;2
2143;2
2144;2
2145;2
2146;2
2147;2
2148;2
2149;2
2150;2
2151;2
2152;2
2153;12
2154;2
2155;2
2157;2
2158;2
2162;2
2163;2
2164;2
2167;2
2172;12
2177;2
2179;2
2180;2
2181;5
2182;2
2183;2
2210;2
2286;2
2287;12
2289;2
2290;2
2291;2
2292;2
2293;2
2294;2
2339;2
2345;2
2365;2
2367;2
2369;2
2370;2
2381;2
2382;2
2685;12
2686;2
2687;12
2688;12
2689;12
2690;2
2691;2
2692;2
2693;2
2694;2
2695;2
2696;2
2697;12
2698;2
2699;2
2700;2
2701;2
2702;2
2703;2
2704;2
2705;12
2706;2
2707;2
2708;2
2709;2
2710;2
2711;2
2712;2
2713;2
2934;3
2935;3
2936;3
2937;3
2938;3
2939;3
2940;3
2941;3
2942;2
2943;2
2944;2
2945;2
2946;3
2947;3
2948;2
2949;3
2950;2
2951;2
2952;2
2953;3
2954;3
2955;3
2956;3
2957;3
2958;3
2959;3
2960;3
2961;3
2962;3
2963;3
2964;2
2965;2
2966;2
2967;2
2968;3
2969;2
2970;2
2972;2
2973;2
2976;5
2977;2
2978;2
2979;2
2980;2
2981;2
2982;2
2983;2
2984;2
2985;2
2998;17
3077;2
3078;12
3079;2
3080;2
3081;2
3082;2
3083;2
3084;2
3087;2
3089;5
3122;5
3124;5
3131;5
3143;5
3394;2
3395;2
3396;2
3397;2
3398;2
3399;2
3400;2
3401;2
3471;3
3472;2
3473;12
3474;2
3475;2
3476;2
3479;2
3480;2
3481;2
3482;2
3484;12
3485;2
3486;2
3503;2
3564;2
3565;2
3566;2
3567;2
3568;2
3569;2
3571;2
3572;2
3573;2
3574;2
3575;2
3576;2
3577;2
3578;2
3579;2
3588;2
3589;2
3590;2
3591;3
3592;2
3594;2
3596;2
3605;2
3606;2
3607;2
3608;2
3609;2
3610;2
3611;2
3612;2
3619;3
3623;2
3626;2
3627;2
3631;2
3635;2
3636;2
3637;2
3638;2
3639;2
3640;2
3644;2
3645;3
3647;2
3648;2
3649;2
3650;2
3651;2
3652;2
3653;2
3654;2
3655;2
3656;2
3657;2
3658;2
3663;2
3664;2
1;5
2;5
3;5
4;5
7;5
8;5
9;5
10;5
11;5
12;5
13;5
14;5
15;5
16;5
17;5
18;5
19;5
20;5
21;5
22;5
23;5
24;5
25;5
26;5
27;5
28;5
29;5
30;5
31;5
32;5
33;5
34;5
35;5
36;5
37;5
38;5
39;5
40;5
41;5
42;5
43;5
44;5
46;5
47;5
48;5
49;5
50;5
51;5
52;5
54;5
56;5
57;5
58;5
59;5
60;12
61;5
62;5
63;5
64;5
65;5
66;5
67;5
68;5
69;5
70;5
71;5
72;5
73;5
74;5
75;5
76;5
77;5
78;5
79;5
80;5
81;5
82;5
83;5
84;5
85;5
86;5
87;5
88;5
89;5
90;5
92;5
93;5
94;5
95;5
96;5
97;5
98;5
99;5
100;5
101;5
102;5
103;5
106;5
107;5
108;5
109;5
110;5
111;5
112;5
113;5
114;5
115;5
116;5
117;5
118;5
119;5
120;5
121;5
122;8
123;5
124;5
131;5
134;5
135;5
136;8
139;5
140;5
141;5
142;5
144;5
145;8
146;8
147;8
149;5
150;5
151;5
152;5
153;5
154;5
155;5
156;5
157;5
158;5
159;5
160;5
162;5
163;5
164;5
165;5
166;5
167;5
168;5
169;5
170;5
171;5
173;5
174;5
179;5
180;5
181;5
182;5
183;8
184;5
185;5
186;5
187;5
188;5
189;5
190;5
191;5
192;5
193;5
198;5
199;12
200;5
201;5
202;5
203;12
204;5
206;5
207;5
208;5
209;5
210;5
211;5
212;8
213;5
214;5
215;5
216;8
217;5
218;5
219;5
221;5
222;5
223;5
225;5
226;5
227;5
228;5
229;5
230;5
231;5
232;5
233;5
234;5
235;5
236;5
238;5
239;5
240;5
242;5
243;5
244;5
245;5
246;5
247;5
248;5
249;5
250;5
251;5
252;5
255;5
271;5
272;5
276;5
277;5
278;5
291;5
292;5
293;5
294;5
295;5
296;5
297;5
298;5
300;5
301;5
302;5
305;5
306;5
307;5
308;5
309;5
311;5
312;5
313;5
314;5
315;5
316;5
317;5
318;5
319;8
320;5
321;5
322;5
323;5
324;5
325;5
326;5
327;5
328;5
329;5
330;5
331;5
332;5
333;5
334;5
335;5
336;5
341;5
342;8
343;5
344;5
345;5
346;5
347;5
348;5
349;5
350;5
351;5
352;5
353;5
354;5
355;5
356;5
357;5
358;5
359;5
360;5
361;5
363;5
365;5
366;5
367;5
368;5
369;5
370;5
371;5
374;5
375;5
449;12
452;5
453;5
455;5
456;5
457;5
459;5
460;5
461;5
462;5
464;5
465;5
466;5
467;5
468;5
469;5
470;8
471;8
472;5
473;5
475;5
476;5
477;5
478;5
480;8
481;5
483;5
484;5
486;5
492;5
494;5
496;5
497;8
503;8
504;5
505;5
506;5
507;5
508;5
509;5
510;5
511;5
512;5
513;5
514;5
515;5
516;5
517;5
518;5
519;5
520;5
521;5
522;5
523;5
524;5
525;5
526;5
527;5
528;5
530;5
533;5
534;5
535;5
536;5
537;5
538;5
539;5
540;5
541;5
542;5
543;5
544;5
545;5
546;5
547;5
548;5
549;5
550;5
551;5
553;5
554;5
555;5
556;5
557;5
558;5
559;5
560;5
561;5
565;5
566;5
567;5
568;5
569;5
570;5
572;5
574;8
575;5
576;5
577;5
578;5
579;5
580;5
581;5
582;5
583;5
584;5
585;5
586;5
587;5
588;5
589;5
590;5
591;5
592;5
593;5
594;5
595;5
596;5
598;5
599;5
600;5
601;5
602;5
603;5
604;5
605;5
606;5
607;5
608;5
609;5
611;5
612;5
613;5
614;5
615;5
628;5
631;5
632;5
633;5
634;5
635;5
636;5
638;5
639;5
640;5
641;5
642;5
643;8
644;5
645;5
646;5
647;5
648;5
649;5
650;5
651;5
652;5
653;5
654;5
655;5
656;5
657;5
658;5
659;12
660;5
661;5
663;8
664;5
677;5
678;8
679;8
681;5
685;5
687;5
688;5
689;5
690;5
691;5
692;5
693;5
694;5
695;5
696;5
697;5
698;5
699;5
700;5
701;5
702;5
703;5
704;5
705;5
717;5
718;5
721;5
722;5
723;5
729;5
730;5
731;5
732;5
733;5
734;5
741;5
747;5
748;5
749;5
750;5
751;5
752;5
759;5
770;5
771;5
772;5
773;5
900;5
901;5
902;5
909;5
910;5
911;5
912;5
913;5
914;5
915;5
916;5
918;12
919;12
920;5
921;5
922;5
924;5
925;5
926;5
927;12
929;5
930;5
931;5
932;5
933;5
934;12
935;5
936;5
937;5
938;5
951;5
952;5
953;5
954;5
955;5
956;5
957;5
958;5
959;5
960;5
961;12
963;5
966;5
967;5
980;5
982;5
983;5
990;5
1013;5
1015;5
1019;5
1022;5
1023;5
1024;5
1025;5
1026;5
1027;5
1028;5
1029;5
1031;5
1032;5
1033;5
1034;5
1035;5
1036;5
1037;5
1038;5
1041;5
1042;5
1043;5
1044;5
1045;5
1046;12
1047;8
1048;5
1049;5
1050;5
1051;5
1057;5
1058;5
1059;5
1060;5
1061;5
1063;5
1064;5
1065;5
1066;5
1070;5
1071;5
1072;5
1073;5
1074;5
1075;5
1076;5
1077;5
1078;5
1079;5
1080;5
1081;5
1082;5
1083;5
1084;5
1085;5
1086;5
1087;5
1088;5
1089;5
1090;5
1091;5
1092;5
1093;5
1094;5
1095;5
1096;5
1097;5
1098;5
1099;5
1100;5
1101;5
1102;5
1103;5
1104;5
1105;5
1106;5
1107;5
1108;5
1109;5
1110;5
1111;5
1112;5
1113;5
1114;5
1115;5
1116;5
1117;5
1118;5
1119;5
1120;5
1121;5
1122;5
1123;5
1124;5
1125;5
1126;5
1127;5
1128;5
1129;5
1130;5
1131;5
1132;5
1133;5
1134;5
1135;5
1136;5
1137;5
1138;5
1139;5
1140;5
1142;5
1143;5
1144;5
1147;5
1148;5
1149;5
1150;5
1151;5
1152;5
1153;5
1154;5
1155;5
1156;5
1157;5
1158;5
1159;5
1160;5
1161;12
1162;12
1163;5
1164;5
1165;5
1172;5
1176;5
1177;5
1179;5
1180;5
1182;5
1184;5
1185;5
1186;5
1188;5
1189;5
1191;5
1192;5
1193;5
1194;5
1195;5
1196;5
1197;5
1198;5
1199;5
1200;5
1201;5
1202;5
1203;5
1204;5
1205;5
1206;5
1207;5
1208;5
1209;5
1210;5
1211;5
1212;5
1213;5
1214;5
1215;5
1216;5
1217;5
1218;5
1219;5
1220;5
1221;5
1222;5
1223;5
1224;5
1225;5
1226;5
1227;5
1228;5
1229;5
1230;5
1231;5
1232;5
1233;5
1234;5
1235;5
1236;5
1237;5
1238;5
1239;5
1240;5
1241;5
1242;5
1243;5
1244;5
1245;5
1252;5
1253;8
1254;5
1255;5
1256;5
1257;5
1261;5
1262;5
1263;5
1264;5
1265;5
1266;5
1919;5
1920;5
1921;5
1922;5
1923;5
1924;5
1925;5
1926;5
1927;5
1931;5
1932;5
1933;5
1935;5
1936;5
1937;5
1938;5
1939;5
1940;5
1941;5
1942;5
1943;5
1944;5
1945;5
1946;5
1987;5
1988;5
1989;5
1990;8
1995;5
1997;8
1999;5
2000;5
2002;5
2005;5
2007;5
2008;5
2009;5
2010;5
2011;5
2012;5
2013;5
2014;5
2015;5
2016;5
2017;5
2018;5
2019;5
2020;5
2021;5
2022;5
2023;5
2024;5
2025;5
2026;5
2027;5
2028;5
2029;5
2030;5
2031;5
2032;5
2033;5
2034;5
2035;5
2036;5
2037;5
2038;5
2039;12
2040;5
2041;5
2042;5
2044;5
2045;5
2046;5
2047;5
2048;5
2049;5
2050;5
2051;5
2052;5
2053;5
2054;5
2055;5
2056;5
2057;5
2058;5
2059;5
2060;5
2061;5
2063;5
2064;5
2065;5
2066;5
2067;5
2068;5
2069;5
2070;5
2071;5
2072;5
2073;5
2074;5
2075;5
2076;5
2077;5
2078;5
2079;5
2080;5
2081;5
2082;5
2083;5
2084;5
2085;5
2086;5
2087;5
2088;5
2089;5
2090;5
2091;5
2092;5
2093;5
2094;5
2095;5
2096;5
2097;5
2098;5
2099;5
2100;5
2101;5
2102;5
2103;5
2104;5
2105;5
2106;5
2107;12
2108;5
2109;5
2110;5
2111;5
2112;5
2113;8
2114;5
2115;5
2116;5
2117;5
2118;5
2119;5
2120;5
2121;5
2122;5
2123;5
2125;5
2126;5
2127;5
2128;5
2129;5
2130;8
2131;12
2132;12
2133;12
2134;12
2135;5
2136;5
2137;12
2138;5
2139;12
2140;12
2141;5
2142;5
2143;5
2144;5
2145;5
2146;5
2147;5
2148;5
2149;5
2150;5
2151;5
2152;5
2154;5
2155;5
2157;5
2158;5
2162;5
2163;5
2164;5
2167;5
2177;5
2179;5
2180;5
2181;12
2182;5
2183;5
2210;5
2286;5
2289;5
2290;5
2291;5
2292;5
2293;5
2294;5
2339;5
2345;5
2365;5
2367;5
2369;5
2370;5
2381;5
2382;5
2686;5
2690;5
2691;5
2692;5
2693;5
2694;5
2695;5
2696;5
2698;5
2699;5
2700;5
2701;5
2702;5
2703;5
2704;5
2706;5
2707;5
2708;5
2709;5
2710;5
2711;5
2712;5
2713;5
2934;8
2935;8
2936;8
2937;8
2938;8
2939;8
2940;8
2941;8
2942;5
2943;5
2944;5
2945;5
2946;8
2947;8
2948;5
2949;8
2950;5
2951;5
2952;5
2953;8
2954;8
2955;8
2956;8
2957;8
2958;8
2959;8
2960;8
2961;8
2962;8
2963;8
2964;5
2965;5
2966;5
2967;5
2968;8
2969;5
2970;5
2972;5
2973;5
2976;12
2977;5
2978;5
2979;5
2980;5
2981;5
2982;5
2983;5
2984;5
2985;5
2998;3
3077;5
3079;5
3080;5
3081;5
3082;5
3083;5
3084;5
3087;5
3089;12
3122;12
3124;12
3131;12
3143;12
3394;5
3395;5
3396;5
3397;5
3398;5
3399;5
3400;5
3401;5
3471;8
3472;5
3474;5
3475;5
3476;5
3479;5
3480;5
3481;5
3482;5
3485;5
3486;5
3503;5
3564;5
3565;5
3566;5
3567;5
3568;5
3569;5
3571;5
3572;5
3573;5
3574;5
3575;5
3576;5
3577;5
3578;5
3579;5
3588;5
3589;5
3590;5
3591;8
3592;5
3594;5
3596;5
3605;5
3606;5
3607;5
3608;5
3609;5
3610;5
3611;5
3612;5
3619;8
3623;5
3626;8
3627;5
3631;5
3635;5
3636;5
3637;5
3638;5
3639;5
3640;5
3644;5
3645;8
3647;5
3648;5
3649;5
3650;5
3651;5
3652;5
3653;5
3654;5
3655;5
3656;5
3657;5
3658;5
3663;5
3664;5
1;12
2;12
3;12
4;12
7;12
8;12
9;12
10;12
11;12
12;12
13;12
14;12
15;12
16;12
17;12
18;12
19;12
20;12
21;12
22;12
23;12
24;12
25;12
26;12
27;12
28;12
29;12
30;12
31;12
32;12
33;12
34;12
35;12
36;12
37;12
38;12
39;12
40;12
41;12
42;12
43;12
44;12
46;12
47;12
48;12
49;12
50;12
51;12
52;12
54;12
56;12
57;12
58;12
59;12
61;12
62;12
63;12
64;12
65;12
66;12
67;12
68;12
69;12
70;12
71;12
72;12
73;12
74;12
75;12
76;12
77;12
78;12
79;12
80;12
81;12
82;12
83;12
84;12
85;12
86;12
87;12
88;12
89;12
90;12
92;12
93;12
94;12
95;12
96;12
97;12
98;12
99;12
100;12
101;12
102;12
103;12
106;12
107;12
108;12
109;12
110;12
111;12
112;12
113;12
114;12
115;12
116;12
117;12
118;12
119;12
120;12
121;12
123;12
124;12
131;12
134;12
135;12
139;12
140;12
141;12
142;12
144;12
149;12
150;12
151;12
152;12
153;12
154;12
155;12
156;12
157;12
158;12
159;12
160;12
162;12
163;12
164;12
165;12
166;12
167;12
168;12
169;12
170;12
171;12
173;12
174;12
179;12
180;12
181;12
182;12
184;12
185;12
186;12
187;12
188;12
189;12
190;12
191;12
192;12
193;12
198;12
200;12
201;12
202;12
204;12
206;12
207;12
208;12
209;12
210;12
211;12
213;12
214;12
215;12
217;12
218;12
219;12
221;12
222;12
223;12
225;12
226;12
227;12
228;12
229;12
230;12
231;12
232;12
233;12
234;12
235;12
236;12
238;12
239;12
240;12
242;12
243;12
244;12
245;12
246;12
247;12
248;12
249;12
250;12
251;12
252;12
255;12
271;12
272;12
276;12
277;12
278;12
291;12
292;12
293;12
294;12
295;12
296;12
297;12
298;12
300;12
301;12
302;12
305;12
306;12
307;12
308;12
309;12
311;12
312;12
313;12
314;12
315;12
316;12
317;12
318;12
320;12
321;12
322;12
323;12
324;12
325;12
326;12
327;12
328;12
329;12
330;12
331;12
332;12
333;12
334;12
335;12
336;12
341;12
343;12
344;12
345;12
346;12
347;12
348;12
349;12
350;12
351;12
352;12
353;12
354;12
355;12
356;12
357;12
358;12
359;12
360;12
361;12
363;12
365;12
366;12
367;12
368;12
369;12
370;12
371;12
374;12
375;12
452;12
453;12
455;12
456;12
457;12
459;12
460;12
461;12
462;12
464;12
465;12
466;12
467;12
468;12
469;12
472;12
473;12
475;12
476;12
477;12
478;12
481;12
483;12
484;12
486;12
492;12
494;12
496;12
504;12
505;12
506;12
507;12
508;12
509;12
510;12
511;12
512;12
513;12
514;12
515;12
516;12
517;12
518;12
519;12
520;12
521;12
522;12
523;12
524;12
525;12
526;12
527;12
528;12
530;12
533;12
534;12
535;12
536;12
537;12
538;12
539;12
540;12
541;12
542;12
543;12
544;12
545;12
546;12
547;12
548;12
549;12
550;12
551;12
553;12
554;12
555;12
556;12
557;12
558;12
559;12
560;12
561;12
565;12
566;12
567;12
568;12
569;12
570;12
572;12
575;12
576;12
577;12
578;12
579;12
580;12
581;12
582;12
583;12
584;12
585;12
586;12
587;12
588;12
589;12
590;12
591;12
592;12
593;12
594;12
595;12
596;12
598;12
599;12
600;12
601;12
602;12
603;12
604;12
605;12
606;12
607;12
608;12
609;12
611;12
612;12
613;12
614;12
615;12
628;12
631;12
632;12
633;12
634;12
635;12
636;12
638;12
639;12
640;12
641;12
642;12
644;12
645;12
646;12
647;12
648;12
649;12
650;12
651;12
652;12
653;12
654;12
655;12
656;12
657;12
658;12
660;12
661;12
664;12
677;12
681;12
685;12
687;12
688;12
689;12
690;12
691;12
692;12
693;12
694;12
695;12
696;12
697;12
698;12
699;12
700;12
701;12
702;12
703;12
704;12
705;12
717;12
718;12
721;12
722;12
723;12
729;12
730;12
731;12
732;12
733;12
734;12
741;12
747;12
748;12
749;12
750;12
751;12
752;12
759;12
770;12
771;12
772;12
773;12
900;12
901;12
902;12
909;12
910;12
911;12
912;12
913;12
914;12
915;12
916;12
920;12
921;12
922;12
924;12
925;12
926;12
929;12
930;12
931;12
932;12
933;12
935;12
936;12
937;12
938;12
951;12
952;12
953;12
954;12
955;12
956;12
957;12
958;12
959;12
960;12
963;12
966;12
967;12
980;12
982;12
983;12
990;12
1013;12
1015;12
1019;12
1022;12
1023;12
1024;12
1025;12
1026;12
1027;12
1028;12
1029;12
1031;12
1032;12
1033;12
1034;12
1035;12
1036;12
1037;12
1038;12
1041;12
1042;12
1043;12
1044;12
1045;12
1048;12
1049;12
1050;12
1051;12
1057;12
1058;12
1059;12
1060;12
1061;12
1063;12
1064;12
1065;12
1066;12
1070;12
1071;12
1072;12
1073;12
1074;12
1075;12
1076;12
1077;12
1078;12
1079;12
1080;12
1081;12
1082;12
1083;12
1084;12
1085;12
1086;12
1087;12
1088;12
1089;12
1090;12
1091;12
1092;12
1093;12
1094;12
1095;12
1096;12
1097;12
1098;12
1099;12
1100;12
1101;12
1102;12
1103;12
1104;12
1105;12
1106;12
1107;12
1108;12
1109;12
1110;12
1111;12
1112;12
1113;12
1114;12
1115;12
1116;12
1117;12
1118;12
1119;12
1120;12
1121;12
1122;12
1123;12
1124;12
1125;12
1126;12
1127;12
1128;12
1129;12
1130;12
1131;12
1132;12
1133;12
1134;12
1135;12
1136;12
1137;12
1138;12
1139;12
1140;12
1142;12
1143;12
1144;12
1147;12
1148;12
1149;12
1150;12
1151;12
1152;12
1153;12
1154;12
1155;12
1156;12
1157;12
1158;12
1159;12
1160;12
1163;12
1164;12
1165;12
1172;12
1176;12
1177;12
1179;12
1180;12
1182;12
1184;12
1185;12
1186;12
1188;12
1189;12
1191;12
1192;12
1193;12
1194;12
1195;12
1196;12
1197;12
1198;12
1199;12
1200;12
1201;12
1202;12
1203;12
1204;12
1205;12
1206;12
1207;12
1208;12
1209;12
1210;12
1211;12
1212;12
1213;12
1214;12
1215;12
1216;12
1217;12
1218;12
1219;12
1220;12
1221;12
1222;12
1223;12
1224;12
1225;12
1226;12
1227;12
1228;12
1229;12
1230;12
1231;12
1232;12
1233;12
1234;12
1235;12
1236;12
1237;12
1238;12
1239;12
1240;12
1241;12
1242;12
1243;12
1244;12
1245;12
1252;12
1254;12
1255;12
1256;12
1257;12
1261;12
1262;12
1263;12
1264;12
1265;12
1266;12
1919;12
1920;12
1921;12
1922;12
1923;12
1924;12
1925;12
1926;12
1927;12
1931;12
1932;12
1933;12
1935;12
1936;12
1937;12
1938;12
1939;12
1940;12
1941;12
1942;12
1943;12
1944;12
1945;12
1946;12
1987;12
1988;12
1989;12
1995;12
1999;12
2000;12
2002;12
2005;12
2007;12
2008;12
2009;12
2010;12
2011;12
2012;12
2013;12
2014;12
2015;12
2016;12
2017;12
2018;12
2019;12
2020;12
2021;12
2022;12
2023;12
2024;12
2025;12
2026;12
2027;12
2028;12
2029;12
2030;12
2031;12
2032;12
2033;12
2034;12
2035;12
2036;12
2037;12
2038;12
2040;12
2041;12
2042;12
2044;12
2045;12
2046;12
2047;12
2048;12
2049;12
2050;12
2051;12
2052;12
2053;12
2054;12
2055;12
2056;12
2057;12
2058;12
2059;12
2060;12
2061;12
2063;12
2064;12
2065;12
2066;12
2067;12
2068;12
2069;12
2070;12
2071;12
2072;12
2073;12
2074;12
2075;12
2076;12
2077;12
2078;12
2079;12
2080;12
2081;12
2082;12
2083;12
2084;12
2085;12
2086;12
2087;12
2088;12
2089;12
2090;12
2091;12
2092;12
2093;12
2094;12
2095;12
2096;12
2097;12
2098;12
2099;12
2100;12
2101;12
2102;12
2103;12
2104;12
2105;12
2106;12
2108;12
2109;12
2110;12
2111;12
2112;12
2114;12
2115;12
2116;12
2117;12
2118;12
2119;12
2120;12
2121;12
2122;12
2123;12
2125;12
2126;12
2127;12
2128;12
2129;12
2135;12
2136;12
2138;12
2141;12
2142;12
2143;12
2144;12
2145;12
2146;12
2147;12
2148;12
2149;12
2150;12
2151;12
2152;12
2154;12
2155;12
2157;12
2158;12
2162;12
2163;12
2164;12
2167;12
2177;12
2179;12
2180;12
2182;12
2183;12
2210;12
2286;12
2289;12
2290;12
2291;12
2292;12
2293;12
2294;12
2339;12
2345;12
2365;12
2367;12
2369;12
2370;12
2381;12
2382;12
2686;12
2690;12
2691;12
2692;12
2693;12
2694;12
2695;12
2696;12
2698;12
2699;12
2700;12
2701;12
2702;12
2703;12
2704;12
2706;12
2707;12
2708;12
2709;12
2710;12
2711;12
2712;12
2713;12
2942;12
2943;12
2944;12
2945;12
2948;12
2950;12
2951;12
2952;12
2964;12
2965;12
2966;12
2967;12
2969;12
2970;12
2972;12
2973;12
2977;12
2978;12
2979;12
2980;12
2981;12
2982;12
2983;12
2984;12
2985;12
2998;8
3077;12
3079;12
3080;12
3081;12
3082;12
3083;12
3084;12
3087;12
3394;12
3395;12
3396;12
3397;12
3398;12
3399;12
3400;12
3401;12
3472;12
3474;12
3475;12
3476;12
3479;12
3480;12
3481;12
3482;12
3485;12
3486;12
3503;12
3565;12
3566;12
3567;12
3568;12
3569;12
3571;12
3572;12
3573;12
3574;12
3575;12
3576;12
3577;12
3578;12
3579;12
3588;12
3589;12
3590;12
3592;12
3594;12
3596;12
3605;12
3606;12
3607;12
3608;12
3609;12
3610;12
3611;12
3612;12
3623;12
3627;12
3631;12
3635;12
3636;12
3637;12
3638;12
3639;12
3640;12
3644;12
3647;12
3648;12
3649;12
3650;12
3651;12
3652;12
3653;12
3654;12
3655;12
3656;12
3657;12
3658;12
3663;12
3664;12
